ENSMUST00000001171	2174
ENSMUST00000006452	1308
ENSMUST00000001837	1498
ENSMUST00000004987	2007
ENSMUST00000006205	8200
ENSMUST00000000821	3362
ENSMUST00000016031	2360
ENSMUST00000017065	1666
ENSMUST00000000904	1412
ENSMUST00000005508	1368
ENSMUST00000001335	570
ENSMUST00000000572	2245
ENSMUST00000023555	4680
ENSMUST00000025034	1974
ENSMUST00000023110	748
ENSMUST00000024823	2024
ENSMUST00000020689	1915
ENSMUST00000021160	1320
ENSMUST00000021574	2442
ENSMUST00000020518	2798
ENSMUST00000020106	4202
ENSMUST00000022294	1199
ENSMUST00000017184	1960
ENSMUST00000023698	2732
ENSMUST00000021847	2027
ENSMUST00000025354	1941
ENSMUST00000029628	1749
ENSMUST00000025746	2153
ENSMUST00000028072	1876
ENSMUST00000028110	2078
ENSMUST00000032594	2713
ENSMUST00000032827	1191
ENSMUST00000028741	1430
ENSMUST00000025866	3253
ENSMUST00000026583	2048
ENSMUST00000031059	3041
ENSMUST00000029129	1574
ENSMUST00000027415	3926
ENSMUST00000026264	2005
ENSMUST00000029571	4340
ENSMUST00000031725	1549
ENSMUST00000033171	1772
ENSMUST00000026892	2492
ENSMUST00000029932	3798
ENSMUST00000070420	4874
ENSMUST00000041403	2123
ENSMUST00000036329	2640
ENSMUST00000044535	2182
ENSMUST00000035657	1747
ENSMUST00000047095	885
ENSMUST00000044324	4719
ENSMUST00000055775	2746
ENSMUST00000054973	1052
ENSMUST00000050228	2802
ENSMUST00000047698	3068
ENSMUST00000039882	3231
ENSMUST00000065323	2332
ENSMUST00000048890	2799
ENSMUST00000057343	1765
ENSMUST00000056755	1854
ENSMUST00000072999	4677
ENSMUST00000040069	3447
ENSMUST00000050491	1199
ENSMUST00000048223	1625
ENSMUST00000046624	3491
ENSMUST00000049048	2266
ENSMUST00000059082	2403
ENSMUST00000058139	2244
ENSMUST00000038772	1546
ENSMUST00000041866	5839
ENSMUST00000035742	3353
ENSMUST00000065113	3382
ENSMUST00000072460	2677
ENSMUST00000046476	1121
ENSMUST00000033967	6564
ENSMUST00000051565	4200
ENSMUST00000067705	3191
ENSMUST00000064642	1696
ENSMUST00000047488	6382
ENSMUST00000043447	2745
ENSMUST00000110829	2547
ENSMUST00000075916	4384
ENSMUST00000102509	1245
ENSMUST00000099277	4979
ENSMUST00000100188	1794
ENSMUST00000086961	3939
ENSMUST00000097781	2816
ENSMUST00000100377	2694
ENSMUST00000113485	3221
ENSMUST00000106774	3718
ENSMUST00000106282	6235
ENSMUST00000105711	2783
ENSMUST00000080806	2923
ENSMUST00000082070	2715
ENSMUST00000110018	2384
ENSMUST00000112257	3212
ENSMUST00000076326	1393
ENSMUST00000092462	3651
ENSMUST00000078918	1053
ENSMUST00000087252	4482
ENSMUST00000110854	1245
ENSMUST00000084184	1780
ENSMUST00000110019	2091
ENSMUST00000088649	3229
ENSMUST00000102811	729
ENSMUST00000112822	2714
ENSMUST00000112397	1895
ENSMUST00000095259	2109
ENSMUST00000079998	1398
ENSMUST00000105371	1619
ENSMUST00000099262	5352
ENSMUST00000098320	4111
ENSMUST00000092912	2054
ENSMUST00000111883	2855
ENSMUST00000106363	1602
ENSMUST00000089775	4331
ENSMUST00000100718	1386
ENSMUST00000099191	839
ENSMUST00000112147	8607
ENSMUST00000098066	7576
ENSMUST00000107638	3326
ENSMUST00000111769	1640
ENSMUST00000109405	4289
ENSMUST00000102878	3095
ENSMUST00000101250	2225
ENSMUST00000090993	752
ENSMUST00000097541	4010
ENSMUST00000101379	3072
ENSMUST00000112905	2096
ENSMUST00000088962	2465
ENSMUST00000088007	1942
ENSMUST00000094477	1809
ENSMUST00000111835	1245
ENSMUST00000112534	3314
ENSMUST00000095898	1432
ENSMUST00000112179	2297
ENSMUST00000107822	1601
ENSMUST00000110579	2496
ENSMUST00000106365	2952
ENSMUST00000080089	2799
ENSMUST00000092559	2083
ENSMUST00000112167	2061
ENSMUST00000085215	3468
ENSMUST00000107747	3980
ENSMUST00000111014	1900
ENSMUST00000105601	1161
ENSMUST00000087327	3093
ENSMUST00000099537	5913
ENSMUST00000076997	1921
ENSMUST00000107613	2173
ENSMUST00000110298	3435
ENSMUST00000112981	6219
ENSMUST00000097763	1861
ENSMUST00000124921	1218
ENSMUST00000123682	4066
ENSMUST00000126175	3086
ENSMUST00000126074	1911
ENSMUST00000125512	4060
ENSMUST00000115600	1519
ENSMUST00000124640	2696
ENSMUST00000122970	2900
ENSMUST00000116629	2056
ENSMUST00000125647	1186
ENSMUST00000114210	3042
ENSMUST00000123244	927
ENSMUST00000122960	3295
ENSMUST00000124113	2364
ENSMUST00000125842	1808
ENSMUST00000123666	2319
ENSMUST00000122884	2578
ENSMUST00000124951	1280
ENSMUST00000123693	1386
ENSMUST00000121694	1781
ENSMUST00000125314	3536
ENSMUST00000123678	4759
ENSMUST00000115101	1624
ENSMUST00000125514	2570
ENSMUST00000126334	2251
ENSMUST00000124556	4256
ENSMUST00000123736	3487
ENSMUST00000124077	3872
ENSMUST00000115071	1629
ENSMUST00000123015	1573
ENSMUST00000115763	1310
ENSMUST00000119077	3735
ENSMUST00000123684	1072
ENSMUST00000122943	2622
ENSMUST00000125519	1014
ENSMUST00000114165	1944
ENSMUST00000115605	1800
ENSMUST00000123495	3987
ENSMUST00000125891	3714
ENSMUST00000123027	3243
ENSMUST00000123372	4847
ENSMUST00000123932	3753
ENSMUST00000125037	1867
ENSMUST00000123182	458
ENSMUST00000124020	2000
ENSMUST00000123418	8366
ENSMUST00000126436	3408
ENSMUST00000123349	4861
ENSMUST00000124826	2906
ENSMUST00000123301	2070
ENSMUST00000115444	1076
ENSMUST00000124834	1772
ENSMUST00000125542	743
ENSMUST00000123387	3165
ENSMUST00000124373	2376
ENSMUST00000124173	3191
ENSMUST00000124436	1467
ENSMUST00000125389	646
ENSMUST00000115405	6391
ENSMUST00000125619	5754
ENSMUST00000122819	1053
ENSMUST00000123176	3776
ENSMUST00000125567	5588
ENSMUST00000126203	843
ENSMUST00000123409	2891
ENSMUST00000126085	949
ENSMUST00000126131	742
ENSMUST00000125404	3283
ENSMUST00000123227	1466
ENSMUST00000123766	3532
ENSMUST00000114500	2587
ENSMUST00000125827	2661
ENSMUST00000126305	2802
ENSMUST00000123774	1308
ENSMUST00000123861	1020
ENSMUST00000126032	4545
ENSMUST00000125407	2376
ENSMUST00000124780	3176
ENSMUST00000123237	2935
ENSMUST00000124910	3878
ENSMUST00000124546	2042
ENSMUST00000114290	1532
ENSMUST00000113712	4326
ENSMUST00000123238	4300
ENSMUST00000115680	3103
ENSMUST00000126168	3577
ENSMUST00000126065	638
ENSMUST00000125782	2731
ENSMUST00000124531	2495
ENSMUST00000123657	2395
ENSMUST00000124971	1122
ENSMUST00000121189	1124
ENSMUST00000116316	3365
ENSMUST00000124008	2877
ENSMUST00000122163	2534
ENSMUST00000117064	2057
ENSMUST00000126403	1169
ENSMUST00000125163	3286
ENSMUST00000124902	1904
ENSMUST00000123196	3433
ENSMUST00000122859	4181
ENSMUST00000125923	1040
ENSMUST00000123583	689
ENSMUST00000124569	2370
ENSMUST00000125563	524
ENSMUST00000115717	7630
ENSMUST00000124576	6113
ENSMUST00000125445	1851
ENSMUST00000123170	1689
ENSMUST00000124355	5935
ENSMUST00000123993	3161
ENSMUST00000124466	4975
ENSMUST00000122955	1605
ENSMUST00000124474	1299
ENSMUST00000124757	1297
ENSMUST00000126267	2721
ENSMUST00000123989	2776
ENSMUST00000124648	981
ENSMUST00000123716	1633
ENSMUST00000125001	3313
ENSMUST00000123552	5106
ENSMUST00000123302	4800
ENSMUST00000125055	6852
ENSMUST00000123066	1776
ENSMUST00000115475	2762
ENSMUST00000124266	2568
ENSMUST00000126421	3000
ENSMUST00000115828	3041
ENSMUST00000122962	1708
ENSMUST00000119736	1837
ENSMUST00000120157	2573
ENSMUST00000125554	1100
ENSMUST00000125698	6590
ENSMUST00000124195	2549
ENSMUST00000125322	3601
ENSMUST00000125901	4071
ENSMUST00000125077	4231
ENSMUST00000131028	2966
ENSMUST00000129340	869
ENSMUST00000132238	4154
ENSMUST00000133237	3371
ENSMUST00000133454	4845
ENSMUST00000134027	1553
ENSMUST00000135639	2022
ENSMUST00000129604	3158
ENSMUST00000127605	1753
ENSMUST00000131818	1260
ENSMUST00000129515	1366
ENSMUST00000127099	4572
ENSMUST00000130606	1046
ENSMUST00000135053	2413
ENSMUST00000127153	2284
ENSMUST00000135017	1405
ENSMUST00000128580	1495
ENSMUST00000135127	2901
ENSMUST00000134466	2708
ENSMUST00000128703	3161
ENSMUST00000135719	1981
ENSMUST00000127403	2543
ENSMUST00000134625	1310
ENSMUST00000133527	1751
ENSMUST00000131848	819
ENSMUST00000129552	2827
ENSMUST00000135292	1386
ENSMUST00000134996	5052
ENSMUST00000130716	4040
ENSMUST00000133716	2420
ENSMUST00000132270	1892
ENSMUST00000128090	1987
ENSMUST00000129935	949
ENSMUST00000129357	2924
ENSMUST00000129733	1544
ENSMUST00000129925	2608
ENSMUST00000133565	5103
ENSMUST00000127433	3902
ENSMUST00000127420	3081
ENSMUST00000135309	3183
ENSMUST00000135510	2179
ENSMUST00000126923	1913
ENSMUST00000132375	6793
ENSMUST00000134940	1489
ENSMUST00000131048	1620
ENSMUST00000130999	2493
ENSMUST00000127540	2331
ENSMUST00000132862	2070
ENSMUST00000131966	2788
ENSMUST00000127900	805
ENSMUST00000130469	1979
ENSMUST00000133664	753
ENSMUST00000132316	2105
ENSMUST00000133553	825
ENSMUST00000130553	1934
ENSMUST00000135070	2424
ENSMUST00000130269	2096
ENSMUST00000134585	2377
ENSMUST00000132417	2795
ENSMUST00000135562	2680
ENSMUST00000129344	2014
ENSMUST00000134767	5533
ENSMUST00000129956	4314
ENSMUST00000129002	2229
ENSMUST00000128576	2599
ENSMUST00000129179	3364
ENSMUST00000127870	2551
ENSMUST00000127021	2157
ENSMUST00000127296	1640
ENSMUST00000133393	4047
ENSMUST00000129234	2009
ENSMUST00000132091	4492
ENSMUST00000132202	3979
ENSMUST00000133786	815
ENSMUST00000134026	1932
ENSMUST00000133654	1646
ENSMUST00000131567	2581
ENSMUST00000134366	671
ENSMUST00000129285	2818
ENSMUST00000128383	6317
ENSMUST00000127435	2047
ENSMUST00000133426	3593
ENSMUST00000133607	1634
ENSMUST00000131193	1299
ENSMUST00000127689	1183
ENSMUST00000133436	2070
ENSMUST00000130145	4078
ENSMUST00000127630	2240
ENSMUST00000128345	2803
ENSMUST00000130161	5088
ENSMUST00000131320	4484
ENSMUST00000127146	2458
ENSMUST00000131405	3144
ENSMUST00000133753	2321
ENSMUST00000132161	3606
ENSMUST00000130942	1319
ENSMUST00000133338	4028
ENSMUST00000131323	2648
ENSMUST00000134842	1252
ENSMUST00000128309	2492
ENSMUST00000127939	1985
ENSMUST00000135106	2473
ENSMUST00000127190	2511
ENSMUST00000135304	3384
ENSMUST00000130994	4286
ENSMUST00000126909	1554
ENSMUST00000135467	1961
ENSMUST00000129489	2316
ENSMUST00000129847	593
ENSMUST00000131126	1045
ENSMUST00000134415	1595
ENSMUST00000133464	4167
ENSMUST00000128244	1841
ENSMUST00000132708	5073
ENSMUST00000135225	4310
ENSMUST00000128099	2066
ENSMUST00000129117	2199
ENSMUST00000127610	7154
ENSMUST00000133098	1019
ENSMUST00000131696	3616
ENSMUST00000133353	3807
ENSMUST00000131723	2987
ENSMUST00000131730	1876
ENSMUST00000134093	3473
ENSMUST00000132932	3229
ENSMUST00000129233	789
ENSMUST00000134777	931
ENSMUST00000128691	3214
ENSMUST00000130348	4885
ENSMUST00000129400	938
ENSMUST00000128230	2336
ENSMUST00000126887	3749
ENSMUST00000127106	1964
ENSMUST00000131613	1768
ENSMUST00000129589	4109
ENSMUST00000129008	3195
ENSMUST00000132176	4545
ENSMUST00000132009	3329
ENSMUST00000132555	1632
ENSMUST00000129895	2635
ENSMUST00000131610	2683
ENSMUST00000133617	1902
ENSMUST00000133564	3169
ENSMUST00000130412	1613
ENSMUST00000129200	1619
ENSMUST00000130009	484
ENSMUST00000135614	1723
ENSMUST00000131806	4644
ENSMUST00000128420	1451
ENSMUST00000129566	2212
ENSMUST00000129774	2506
ENSMUST00000127722	2060
ENSMUST00000131024	1020
ENSMUST00000130271	1131
ENSMUST00000132827	1516
ENSMUST00000131417	1762
ENSMUST00000131927	2856
ENSMUST00000127482	3964
ENSMUST00000135326	3705
ENSMUST00000128152	3512
ENSMUST00000132329	5398
ENSMUST00000131282	3552
ENSMUST00000134732	2201
ENSMUST00000132048	4546
ENSMUST00000129049	5130
ENSMUST00000129979	1322
ENSMUST00000132047	2096
ENSMUST00000129522	1463
ENSMUST00000126746	2596
ENSMUST00000129883	2531
ENSMUST00000129815	7464
ENSMUST00000128308	2917
ENSMUST00000127586	3368
ENSMUST00000127800	3606
ENSMUST00000129898	5283
ENSMUST00000132899	823
ENSMUST00000128880	2433
ENSMUST00000132510	2080
ENSMUST00000132309	3067
ENSMUST00000131843	2283
ENSMUST00000129825	994
ENSMUST00000135123	1476
ENSMUST00000134840	1120
ENSMUST00000127454	1132
ENSMUST00000132520	2287
ENSMUST00000128464	3774
ENSMUST00000135043	2979
ENSMUST00000134104	2197
ENSMUST00000128293	4310
ENSMUST00000132099	745
ENSMUST00000131273	2066
ENSMUST00000128318	1885
ENSMUST00000126574	3665
ENSMUST00000135221	3824
ENSMUST00000133444	953
ENSMUST00000130028	1960
ENSMUST00000127974	4423
ENSMUST00000130414	3267
ENSMUST00000128052	2415
ENSMUST00000127921	5020
ENSMUST00000128348	827
ENSMUST00000132325	4264
ENSMUST00000131871	1737
ENSMUST00000131810	1647
ENSMUST00000132367	1662
ENSMUST00000133203	3938
ENSMUST00000127694	1685
ENSMUST00000135218	3762
ENSMUST00000132169	1752
ENSMUST00000134746	1756
ENSMUST00000133131	1394
ENSMUST00000127982	2802
ENSMUST00000128653	2350
ENSMUST00000130924	1958
ENSMUST00000134659	1124
ENSMUST00000134207	2131
ENSMUST00000129593	977
ENSMUST00000132186	1563
ENSMUST00000131606	2798
ENSMUST00000130008	1202
ENSMUST00000135569	1497
ENSMUST00000128587	1070
ENSMUST00000130169	4888
ENSMUST00000127741	2392
ENSMUST00000131546	4377
ENSMUST00000134959	2892
ENSMUST00000130671	4945
ENSMUST00000131348	3983
ENSMUST00000129788	1664
ENSMUST00000134029	2728
ENSMUST00000131184	1819
ENSMUST00000130597	2959
ENSMUST00000128428	1987
ENSMUST00000129986	2178
ENSMUST00000130700	2688
ENSMUST00000130976	3123
ENSMUST00000132967	3932
ENSMUST00000134455	1811
ENSMUST00000131464	4211
ENSMUST00000133324	1830
ENSMUST00000127061	1770
ENSMUST00000132055	1870
ENSMUST00000129273	3050
ENSMUST00000126481	2543
ENSMUST00000128694	2683
ENSMUST00000134674	3106
ENSMUST00000132304	1595
ENSMUST00000134287	1818
ENSMUST00000129947	1319
ENSMUST00000135067	3015
ENSMUST00000129469	1782
ENSMUST00000131145	3533
ENSMUST00000134611	1017
ENSMUST00000134328	1790
ENSMUST00000133320	1311
ENSMUST00000127281	2300
ENSMUST00000129775	1798
ENSMUST00000134575	1644
ENSMUST00000133771	2719
ENSMUST00000135318	3579
ENSMUST00000128100	1945
ENSMUST00000134532	2019
ENSMUST00000127608	2198
ENSMUST00000132893	2500
ENSMUST00000129096	1830
ENSMUST00000133724	1356
ENSMUST00000126579	550
ENSMUST00000131522	3944
ENSMUST00000129664	3411
ENSMUST00000134202	1456
ENSMUST00000133026	13443
ENSMUST00000127152	2623
ENSMUST00000131829	7458
ENSMUST00000135029	2003
ENSMUST00000129024	954
ENSMUST00000126741	3515
ENSMUST00000127898	2271
ENSMUST00000132179	5345
ENSMUST00000132945	3005
ENSMUST00000133075	1446
ENSMUST00000130075	2763
ENSMUST00000132187	1157
ENSMUST00000129938	1854
ENSMUST00000130032	3336
ENSMUST00000145195	1562
ENSMUST00000145943	1383
ENSMUST00000139389	1944
ENSMUST00000150258	4361
ENSMUST00000149236	2335
ENSMUST00000136451	2439
ENSMUST00000151927	3649
ENSMUST00000152095	3642
ENSMUST00000153204	1099
ENSMUST00000148769	2769
ENSMUST00000145118	4427
ENSMUST00000150920	2519
ENSMUST00000137141	3200
ENSMUST00000145444	813
ENSMUST00000147282	2924
ENSMUST00000147759	4972
ENSMUST00000141899	1969
ENSMUST00000139193	938
ENSMUST00000136278	2750
ENSMUST00000152434	1951
ENSMUST00000138142	1851
ENSMUST00000144001	2505
ENSMUST00000145391	3161
ENSMUST00000136523	4191
ENSMUST00000147517	2820
ENSMUST00000154501	3095
ENSMUST00000140474	1528
ENSMUST00000146157	2973
ENSMUST00000153485	2510
ENSMUST00000143486	1997
ENSMUST00000140312	8426
ENSMUST00000153914	3834
ENSMUST00000150838	2167
ENSMUST00000147781	6138
ENSMUST00000153540	636
ENSMUST00000145477	1540
ENSMUST00000139146	4192
ENSMUST00000146104	1197
ENSMUST00000144920	3236
ENSMUST00000140521	1551
ENSMUST00000138842	2569
ENSMUST00000145853	3628
ENSMUST00000144725	2911
ENSMUST00000153440	3023
ENSMUST00000151911	3903
ENSMUST00000140393	2690
ENSMUST00000135764	3027
ENSMUST00000142938	1661
ENSMUST00000142616	2140
ENSMUST00000136200	1847
ENSMUST00000136577	1888
ENSMUST00000150309	2485
ENSMUST00000140058	561
ENSMUST00000150557	3355
ENSMUST00000143616	3026
ENSMUST00000150585	2554
ENSMUST00000143189	3274
ENSMUST00000146030	3707
ENSMUST00000141933	5368
ENSMUST00000139734	2539
ENSMUST00000150697	2241
ENSMUST00000143908	7331
ENSMUST00000138405	2637
ENSMUST00000136335	3943
ENSMUST00000145027	4768
ENSMUST00000142820	7045
ENSMUST00000144827	1463
ENSMUST00000154474	6099
ENSMUST00000144645	2028
ENSMUST00000142071	2744
ENSMUST00000137404	5528
ENSMUST00000141629	1055
ENSMUST00000151999	3642
ENSMUST00000143632	2417
ENSMUST00000151273	5297
ENSMUST00000146071	2757
ENSMUST00000141169	799
ENSMUST00000136471	1940
ENSMUST00000136933	2413
ENSMUST00000141305	4444
ENSMUST00000139215	4585
ENSMUST00000145772	1007
ENSMUST00000153117	2619
ENSMUST00000153278	1063
ENSMUST00000148246	2074
ENSMUST00000138304	2307
ENSMUST00000151078	2107
ENSMUST00000153070	1203
ENSMUST00000143241	1568
ENSMUST00000139297	2957
ENSMUST00000151982	3424
ENSMUST00000141203	1778
ENSMUST00000139720	5869
ENSMUST00000152831	7326
ENSMUST00000138280	1950
ENSMUST00000151104	2452
ENSMUST00000136398	4253
ENSMUST00000148242	971
ENSMUST00000152996	3519
ENSMUST00000137148	2226
ENSMUST00000149119	2504
ENSMUST00000148876	2473
ENSMUST00000145827	3115
ENSMUST00000142681	4572
ENSMUST00000138334	613
ENSMUST00000142465	4531
ENSMUST00000142788	899
ENSMUST00000147570	1133
ENSMUST00000139046	1419
ENSMUST00000147804	1956
ENSMUST00000141957	2460
ENSMUST00000147428	894
ENSMUST00000146569	4212
ENSMUST00000139324	2181
ENSMUST00000149395	1304
ENSMUST00000150709	5185
ENSMUST00000147394	452
ENSMUST00000137913	4616
ENSMUST00000140407	6410
ENSMUST00000151969	875
ENSMUST00000136903	2945
ENSMUST00000136652	756
ENSMUST00000142663	4735
ENSMUST00000145698	6649
ENSMUST00000140541	2620
ENSMUST00000151254	1430
ENSMUST00000144195	1156
ENSMUST00000137150	1485
ENSMUST00000136513	4311
ENSMUST00000140663	1223
ENSMUST00000144739	3374
ENSMUST00000154428	3932
ENSMUST00000140375	1921
ENSMUST00000146431	749
ENSMUST00000143375	2366
ENSMUST00000149168	2834
ENSMUST00000137672	2167
ENSMUST00000149695	2278
ENSMUST00000152913	1583
ENSMUST00000140302	4056
ENSMUST00000144520	2466
ENSMUST00000152182	4662
ENSMUST00000154779	709
ENSMUST00000140843	15399
ENSMUST00000140211	3522
ENSMUST00000154237	2420
ENSMUST00000139671	3335
ENSMUST00000151918	3502
ENSMUST00000142931	1923
ENSMUST00000151788	2463
ENSMUST00000139200	1410
ENSMUST00000146494	1771
ENSMUST00000153194	2282
ENSMUST00000147741	3836
ENSMUST00000139853	2408
ENSMUST00000153832	2673
ENSMUST00000148834	4819
ENSMUST00000149140	5367
ENSMUST00000148602	5462
ENSMUST00000137357	1656
ENSMUST00000141972	2630
ENSMUST00000154902	2009
ENSMUST00000154695	1324
ENSMUST00000143674	1306
ENSMUST00000149918	1966
ENSMUST00000151590	4388
ENSMUST00000137090	1575
ENSMUST00000149407	2283
ENSMUST00000143867	1443
ENSMUST00000148238	2076
ENSMUST00000140516	2401
ENSMUST00000142994	2051
ENSMUST00000147867	1078
ENSMUST00000145225	2381
ENSMUST00000152634	2095
ENSMUST00000138101	1112
ENSMUST00000141703	2389
ENSMUST00000145467	4487
ENSMUST00000152340	1986
ENSMUST00000136662	2355
ENSMUST00000147884	1145
ENSMUST00000147737	5959
ENSMUST00000154891	1722
ENSMUST00000154922	2773
ENSMUST00000154876	2842
ENSMUST00000139462	1649
ENSMUST00000149931	989
ENSMUST00000154516	905
ENSMUST00000154287	3048
ENSMUST00000154255	2304
ENSMUST00000145567	5016
ENSMUST00000149892	1789
ENSMUST00000144461	1755
ENSMUST00000147301	2563
ENSMUST00000144429	8233
ENSMUST00000147891	5547
ENSMUST00000143412	3330
ENSMUST00000152357	3155
ENSMUST00000141859	3417
ENSMUST00000154728	3091
ENSMUST00000143321	2340
ENSMUST00000139801	1865
ENSMUST00000152700	854
ENSMUST00000152136	1597
ENSMUST00000153640	599
ENSMUST00000149712	3167
ENSMUST00000152126	1519
ENSMUST00000136419	4546
ENSMUST00000137245	4277
ENSMUST00000145657	3486
ENSMUST00000147627	1728
ENSMUST00000139069	2300
ENSMUST00000153268	2365
ENSMUST00000143436	1654
ENSMUST00000138615	1554
ENSMUST00000144576	822
ENSMUST00000144389	1610
ENSMUST00000145597	1799
ENSMUST00000138683	2455
ENSMUST00000147852	2722
ENSMUST00000141188	1274
ENSMUST00000144377	3076
ENSMUST00000150300	3874
ENSMUST00000153519	3207
ENSMUST00000137792	4189
ENSMUST00000138141	2152
ENSMUST00000150060	4210
ENSMUST00000144620	4356
ENSMUST00000141572	4827
ENSMUST00000136252	1362
ENSMUST00000140769	2317
ENSMUST00000153713	1462
ENSMUST00000145919	3989
ENSMUST00000153467	2393
ENSMUST00000148550	5569
ENSMUST00000149726	2089
ENSMUST00000151338	1538
ENSMUST00000141630	3884
ENSMUST00000143432	5138
ENSMUST00000143637	2444
ENSMUST00000136766	1247
ENSMUST00000143721	2502
ENSMUST00000149286	3573
ENSMUST00000148702	2489
ENSMUST00000150704	2874
ENSMUST00000136012	4263
ENSMUST00000148495	2613
ENSMUST00000137268	5165
ENSMUST00000148162	2712
ENSMUST00000152389	2034
ENSMUST00000143506	433
ENSMUST00000142005	2503
ENSMUST00000148833	3431
ENSMUST00000147964	3309
ENSMUST00000154232	4520
ENSMUST00000136090	4415
ENSMUST00000139383	2308
ENSMUST00000149453	5471
ENSMUST00000139398	1663
ENSMUST00000135960	3457
ENSMUST00000151856	3315
ENSMUST00000144267	3333
ENSMUST00000138050	2143
ENSMUST00000139609	2655
ENSMUST00000152006	6124
ENSMUST00000136730	1617
ENSMUST00000148907	4006
ENSMUST00000143005	3430
ENSMUST00000142964	1404
ENSMUST00000154638	3310
ENSMUST00000150525	2701
ENSMUST00000145539	2959
ENSMUST00000143463	2480
ENSMUST00000142161	3372
ENSMUST00000141704	2825
ENSMUST00000136552	1566
ENSMUST00000139661	3303
ENSMUST00000142494	2173
ENSMUST00000149342	1639
ENSMUST00000142337	1390
ENSMUST00000141089	1201
ENSMUST00000151430	2213
ENSMUST00000149778	1475
ENSMUST00000136096	6846
ENSMUST00000137158	3414
ENSMUST00000147801	817
ENSMUST00000146137	2777
ENSMUST00000153003	1034
ENSMUST00000137306	3330
ENSMUST00000140752	2223
ENSMUST00000137078	3546
ENSMUST00000145781	2390
ENSMUST00000136726	2575
ENSMUST00000138981	2212
ENSMUST00000140668	2661
ENSMUST00000136274	2909
ENSMUST00000150813	1552
ENSMUST00000145114	1116
ENSMUST00000147466	2026
ENSMUST00000153238	4801
ENSMUST00000142530	4653
ENSMUST00000152681	2624
ENSMUST00000153511	949
ENSMUST00000137931	1582
ENSMUST00000151372	4950
ENSMUST00000144302	3315
ENSMUST00000154691	2212
ENSMUST00000150033	2112
ENSMUST00000152871	1166
ENSMUST00000140996	3524
ENSMUST00000151985	1527
ENSMUST00000147277	1862
ENSMUST00000147117	1947
ENSMUST00000153299	3435
ENSMUST00000137622	537
ENSMUST00000141360	965
ENSMUST00000140169	2554
ENSMUST00000140174	4410
ENSMUST00000136616	1633
ENSMUST00000153541	2619
ENSMUST00000146903	4781
ENSMUST00000148483	1302
ENSMUST00000137857	1967
ENSMUST00000144363	1776
ENSMUST00000152158	1556
ENSMUST00000147101	2686
ENSMUST00000143817	3101
ENSMUST00000141573	1502
ENSMUST00000154801	3583
ENSMUST00000139487	3462
ENSMUST00000148894	1672
ENSMUST00000153302	1582
ENSMUST00000145954	3374
ENSMUST00000138493	3043
ENSMUST00000142957	2084
ENSMUST00000148106	3180
ENSMUST00000145823	4406
ENSMUST00000146053	3547
ENSMUST00000153843	2992
ENSMUST00000143958	2903
ENSMUST00000139754	1575
ENSMUST00000136965	5045
ENSMUST00000137950	1602
ENSMUST00000150974	761
ENSMUST00000145071	1499
ENSMUST00000143913	2567
ENSMUST00000142920	2724
ENSMUST00000151296	1592
ENSMUST00000150401	1005
ENSMUST00000152103	6556
ENSMUST00000152877	1277
ENSMUST00000149710	1667
ENSMUST00000144574	2758
ENSMUST00000139946	2659
ENSMUST00000154585	2364
ENSMUST00000152693	2708
ENSMUST00000154899	1984
ENSMUST00000154356	3548
ENSMUST00000144364	3013
ENSMUST00000146028	3458
ENSMUST00000148330	1705
ENSMUST00000139156	1280
ENSMUST00000145622	4363
ENSMUST00000147652	1017
ENSMUST00000144521	5740
ENSMUST00000147768	2159
ENSMUST00000140768	1214
ENSMUST00000140652	2506
ENSMUST00000136020	1498
ENSMUST00000137071	1626
ENSMUST00000138750	3165
ENSMUST00000143776	950
ENSMUST00000147380	1719
ENSMUST00000149267	1000
ENSMUST00000151496	942
ENSMUST00000136237	4971
ENSMUST00000143540	3727
ENSMUST00000146203	1422
ENSMUST00000143827	2176
ENSMUST00000144417	508
ENSMUST00000145454	3178
ENSMUST00000148351	3474
ENSMUST00000151258	1440
ENSMUST00000136375	3691
ENSMUST00000145694	3577
ENSMUST00000136066	3575
ENSMUST00000151808	719
ENSMUST00000143154	2898
ENSMUST00000153166	4429
ENSMUST00000154199	2850
ENSMUST00000151933	4069
ENSMUST00000151735	2008
ENSMUST00000143108	3708
ENSMUST00000138091	3291
ENSMUST00000140719	2823
ENSMUST00000149366	4320
ENSMUST00000144431	2223
ENSMUST00000137201	1424
ENSMUST00000151458	2910
ENSMUST00000145062	1914
ENSMUST00000139845	7153
ENSMUST00000149187	2091
ENSMUST00000151838	744
ENSMUST00000142496	2413
ENSMUST00000143977	5464
ENSMUST00000144759	2561
ENSMUST00000142472	3059
ENSMUST00000152115	954
ENSMUST00000140205	2720
ENSMUST00000136098	871
ENSMUST00000135984	2065
ENSMUST00000143314	3565
ENSMUST00000148234	1499
ENSMUST00000142449	3936
ENSMUST00000146968	2569
ENSMUST00000139803	4858
ENSMUST00000147323	1942
ENSMUST00000143472	4613
ENSMUST00000154219	1945
ENSMUST00000150019	2593
ENSMUST00000150281	1303
ENSMUST00000145455	1737
ENSMUST00000151146	1840
ENSMUST00000140757	1703
ENSMUST00000150845	2107
ENSMUST00000145601	4320
ENSMUST00000136960	4313
ENSMUST00000148053	752
ENSMUST00000139954	2586
ENSMUST00000140405	874
ENSMUST00000149854	3612
ENSMUST00000139965	5172
ENSMUST00000148807	937
ENSMUST00000136493	4319
ENSMUST00000138820	2028
ENSMUST00000138024	4398
ENSMUST00000146175	2811
ENSMUST00000142405	1829
ENSMUST00000147842	3080
ENSMUST00000154812	3163
ENSMUST00000135949	1764
ENSMUST00000143235	1417
ENSMUST00000151314	3031
ENSMUST00000151855	3999
ENSMUST00000154666	5185
ENSMUST00000148966	2315
ENSMUST00000145331	1843
ENSMUST00000140743	1633
ENSMUST00000148352	2621
ENSMUST00000136331	2723
ENSMUST00000138889	1192
ENSMUST00000146343	1457
ENSMUST00000152522	2611
ENSMUST00000151063	617
ENSMUST00000141206	677
ENSMUST00000137222	1483
ENSMUST00000148243	3010
ENSMUST00000138286	3803
ENSMUST00000145959	2362
ENSMUST00000149962	997
ENSMUST00000139486	1089
ENSMUST00000149296	739
ENSMUST00000141281	2201
ENSMUST00000152979	3976
ENSMUST00000147155	774
ENSMUST00000145212	1795
ENSMUST00000143630	2501
ENSMUST00000152718	990
ENSMUST00000136770	762
ENSMUST00000143549	1718
ENSMUST00000140620	3412
ENSMUST00000152463	1272
ENSMUST00000147952	1521
ENSMUST00000153990	2534
ENSMUST00000149585	957
ENSMUST00000143620	1381
ENSMUST00000152327	2975
ENSMUST00000137311	2651
ENSMUST00000141695	1957
ENSMUST00000139104	4505
ENSMUST00000142610	1782
ENSMUST00000154064	850
ENSMUST00000144618	2765
ENSMUST00000148649	820
ENSMUST00000144593	3497
ENSMUST00000136748	4363
ENSMUST00000149533	1561
ENSMUST00000138712	995
ENSMUST00000140452	1723
ENSMUST00000141412	4682
ENSMUST00000147778	3175
ENSMUST00000140751	1397
ENSMUST00000150867	3620
ENSMUST00000139158	545
ENSMUST00000139113	5046
ENSMUST00000136475	2271
ENSMUST00000146179	2805
ENSMUST00000141052	1824
ENSMUST00000145432	2973
ENSMUST00000141416	4473
ENSMUST00000141382	4128
ENSMUST00000139969	1146
ENSMUST00000135961	5510
ENSMUST00000151714	1404
ENSMUST00000149444	4247
ENSMUST00000142392	2972
ENSMUST00000137799	4147
ENSMUST00000152707	3011
ENSMUST00000154371	2894
ENSMUST00000140802	2581
ENSMUST00000147163	4359
ENSMUST00000145459	2770
ENSMUST00000148821	1138
ENSMUST00000142343	963
ENSMUST00000144061	1613
ENSMUST00000153765	1826
ENSMUST00000154658	3614
ENSMUST00000142556	1323
ENSMUST00000144255	2523
ENSMUST00000138254	1390
ENSMUST00000147976	4657
ENSMUST00000152593	5208
ENSMUST00000153695	1814
ENSMUST00000143972	3150
ENSMUST00000138622	1727
ENSMUST00000143720	3828
ENSMUST00000154583	1817
ENSMUST00000154604	2293
ENSMUST00000138885	966
ENSMUST00000151658	2240
ENSMUST00000139428	2605
ENSMUST00000142385	3344
ENSMUST00000136263	1601
ENSMUST00000139917	4303
ENSMUST00000146267	3161
ENSMUST00000142046	2349
ENSMUST00000153922	3520
ENSMUST00000137512	1993
ENSMUST00000140324	889
ENSMUST00000140497	5380
ENSMUST00000136049	1903
ENSMUST00000144488	2374
ENSMUST00000151012	2647
ENSMUST00000147696	2977
ENSMUST00000147283	465
ENSMUST00000135888	2009
ENSMUST00000148934	2042
ENSMUST00000141512	1816
ENSMUST00000138140	1748
ENSMUST00000140703	1770
ENSMUST00000139143	3578
ENSMUST00000140643	3016
ENSMUST00000142714	2548
ENSMUST00000139790	2403
ENSMUST00000141191	2972
ENSMUST00000141487	1729
ENSMUST00000149384	1477
ENSMUST00000148305	598
ENSMUST00000145942	961
ENSMUST00000148589	2362
ENSMUST00000137191	7020
ENSMUST00000181945	1325
ENSMUST00000183402	3652
ENSMUST00000186382	1354
ENSMUST00000159491	3463
ENSMUST00000182665	4285
ENSMUST00000202283	2127
ENSMUST00000195258	10383
ENSMUST00000207371	1818
ENSMUST00000205328	3597
ENSMUST00000188664	2196
ENSMUST00000162711	914
ENSMUST00000183638	1723
ENSMUST00000182067	675
ENSMUST00000161984	2583
ENSMUST00000200209	1169
ENSMUST00000182946	8628
ENSMUST00000163246	1395
ENSMUST00000194073	780
ENSMUST00000204056	2561
ENSMUST00000174665	1676
ENSMUST00000192158	3643
ENSMUST00000200439	3753
ENSMUST00000164283	2858
ENSMUST00000183463	3249
ENSMUST00000168824	2198
ENSMUST00000208153	1273
ENSMUST00000163290	1328
ENSMUST00000205091	1166
ENSMUST00000193892	2948
ENSMUST00000176580	2834
ENSMUST00000169408	705
ENSMUST00000184320	1836
ENSMUST00000173362	1936
ENSMUST00000177392	3527
ENSMUST00000155346	1483
ENSMUST00000180884	1028
ENSMUST00000164980	3136
ENSMUST00000191108	1500
ENSMUST00000169387	3119
ENSMUST00000196565	1775
ENSMUST00000172836	3554
ENSMUST00000166512	879
ENSMUST00000206744	2890
ENSMUST00000196077	1981
ENSMUST00000199563	1799
ENSMUST00000174770	2138
ENSMUST00000173826	575
ENSMUST00000191213	3231
ENSMUST00000155123	5271
ENSMUST00000190393	1818
ENSMUST00000192531	3434
ENSMUST00000165456	1030
ENSMUST00000173696	1740
ENSMUST00000193569	1510
ENSMUST00000178817	2830
ENSMUST00000203272	4556
ENSMUST00000188712	5122
ENSMUST00000186402	2663
ENSMUST00000194224	3457
ENSMUST00000202997	1654
ENSMUST00000169775	2630
ENSMUST00000160560	835
ENSMUST00000177357	1530
ENSMUST00000173483	1781
ENSMUST00000173640	1476
ENSMUST00000188507	3247
ENSMUST00000162151	3474
ENSMUST00000185434	2695
ENSMUST00000185398	2010
ENSMUST00000183208	4826
ENSMUST00000159367	4103
ENSMUST00000183143	4156
ENSMUST00000208743	3878
ENSMUST00000183871	2804
ENSMUST00000174171	1564
ENSMUST00000160574	1204
ENSMUST00000156662	2160
ENSMUST00000189805	2395
ENSMUST00000156713	3246
ENSMUST00000190156	3164
ENSMUST00000171254	548
ENSMUST00000156568	3856
ENSMUST00000198071	1820
ENSMUST00000164558	5416
ENSMUST00000175763	1244
ENSMUST00000206971	1084
ENSMUST00000162044	2568
ENSMUST00000191509	4137
ENSMUST00000160326	4488
ENSMUST00000172053	889
ENSMUST00000196049	715
ENSMUST00000206234	1822
ENSMUST00000170017	1195
ENSMUST00000185118	2318
ENSMUST00000161520	2840
ENSMUST00000165240	1395
ENSMUST00000160113	2019
ENSMUST00000206017	4635
ENSMUST00000189665	4013
ENSMUST00000178893	1138
ENSMUST00000172485	2042
ENSMUST00000176924	2145
ENSMUST00000204834	1198
ENSMUST00000168922	2507
ENSMUST00000190963	545
ENSMUST00000173639	870
ENSMUST00000159596	2918
ENSMUST00000172069	2443
ENSMUST00000184053	5910
ENSMUST00000159258	6006
ENSMUST00000201507	4290
ENSMUST00000198078	1922
ENSMUST00000176729	3046
ENSMUST00000180417	1863
ENSMUST00000163858	2131
ENSMUST00000187521	5290
ENSMUST00000156324	2263
ENSMUST00000183830	4510
ENSMUST00000176195	1016
ENSMUST00000165258	1641
ENSMUST00000159926	1518
ENSMUST00000162630	1638
ENSMUST00000174696	1491
ENSMUST00000205720	1745
ENSMUST00000174556	2391
ENSMUST00000164774	3515
ENSMUST00000155047	2754
ENSMUST00000177825	1151
ENSMUST00000184105	1398
ENSMUST00000207880	15500
ENSMUST00000174483	2613
ENSMUST00000161856	4663
ENSMUST00000199666	1450
ENSMUST00000207307	2703
ENSMUST00000179207	971
ENSMUST00000189761	686
ENSMUST00000170555	4601
ENSMUST00000164161	2906
ENSMUST00000172386	1134
ENSMUST00000182556	1291
ENSMUST00000205744	1471
ENSMUST00000174160	4489
ENSMUST00000169383	2929
ENSMUST00000208722	3883
ENSMUST00000176731	2018
ENSMUST00000197571	1204
ENSMUST00000191550	4254
ENSMUST00000168095	3208
ENSMUST00000200665	2016
ENSMUST00000204419	5061
ENSMUST00000155285	2769
ENSMUST00000184455	2478
ENSMUST00000184963	1616
ENSMUST00000182371	2986
ENSMUST00000163771	883
ENSMUST00000176594	7302
ENSMUST00000189817	1765
ENSMUST00000159479	2676
ENSMUST00000160472	3696
ENSMUST00000155050	1674
ENSMUST00000159246	2382
ENSMUST00000172906	8481
ENSMUST00000197489	1018
ENSMUST00000194066	869
ENSMUST00000155797	1061
ENSMUST00000171584	3731
ENSMUST00000177202	2776
ENSMUST00000174366	3275
ENSMUST00000177861	1905
ENSMUST00000170861	647
ENSMUST00000162863	4828
ENSMUST00000183249	4094
ENSMUST00000190801	1952
ENSMUST00000205630	1098
ENSMUST00000162720	2523
ENSMUST00000168691	3873
ENSMUST00000175894	2612
ENSMUST00000156158	3083
ENSMUST00000200737	845
ENSMUST00000186634	2735
ENSMUST00000204093	1792
ENSMUST00000173067	2022
ENSMUST00000188873	2477
ENSMUST00000172964	3721
ENSMUST00000173987	924
ENSMUST00000172536	2630
ENSMUST00000191465	2871
ENSMUST00000190985	3429
ENSMUST00000164542	730
ENSMUST00000200490	7153
ENSMUST00000205225	1114
ENSMUST00000199011	3803
ENSMUST00000209172	2409
ENSMUST00000209212	514
ENSMUST00000176336	2291
ENSMUST00000201676	4990
ENSMUST00000200332	4455
ENSMUST00000182199	2196
ENSMUST00000186985	816
ENSMUST00000205870	933
ENSMUST00000207843	2646
ENSMUST00000203538	2196
ENSMUST00000191301	1639
ENSMUST00000201801	2272
ENSMUST00000168334	4032
ENSMUST00000199462	2510
ENSMUST00000194045	760
ENSMUST00000160934	7108
ENSMUST00000204709	3562
ENSMUST00000185143	2835
ENSMUST00000185790	1571
ENSMUST00000168613	1457
ENSMUST00000191279	634
ENSMUST00000176764	4058
ENSMUST00000161336	5365
ENSMUST00000174213	4001
ENSMUST00000156695	1493
ENSMUST00000160530	1828
ENSMUST00000173085	1432
ENSMUST00000206794	1838
ENSMUST00000205017	1886
ENSMUST00000155392	2746
ENSMUST00000165100	1430
ENSMUST00000204798	1472
ENSMUST00000174639	1873
ENSMUST00000160118	695
ENSMUST00000164078	2974
ENSMUST00000184120	3926
ENSMUST00000169919	1317
ENSMUST00000188961	2907
ENSMUST00000202521	3272
ENSMUST00000172207	3001
ENSMUST00000208328	2134
ENSMUST00000162534	2053
ENSMUST00000174818	2493
ENSMUST00000163137	3154
ENSMUST00000192666	3666
ENSMUST00000168164	2678
ENSMUST00000174174	1319
ENSMUST00000184113	3935
ENSMUST00000173241	3982
ENSMUST00000169576	2955
ENSMUST00000156829	1439
ENSMUST00000170237	1751
ENSMUST00000171414	1567
ENSMUST00000174037	665
ENSMUST00000177014	4147
ENSMUST00000196106	2811
ENSMUST00000173465	581
ENSMUST00000183801	4990
ENSMUST00000156861	3545
ENSMUST00000195617	4717
ENSMUST00000195650	4230
ENSMUST00000161612	1661
ENSMUST00000162234	4336
ENSMUST00000155272	4158
ENSMUST00000208607	4455
ENSMUST00000186807	4338
ENSMUST00000203722	1787
ENSMUST00000174882	1850
ENSMUST00000161927	2926
ENSMUST00000168333	590
ENSMUST00000167661	1151
ENSMUST00000192146	3494
ENSMUST00000156460	880
ENSMUST00000198849	1052
ENSMUST00000156514	2554
ENSMUST00000172284	3633
ENSMUST00000156319	1101
ENSMUST00000156992	2853
ENSMUST00000182782	1471
ENSMUST00000177330	8893
ENSMUST00000186125	2848
ENSMUST00000208038	1820
ENSMUST00000209203	9213
ENSMUST00000197265	859
ENSMUST00000193143	3934
ENSMUST00000206879	2666
ENSMUST00000195271	4906
ENSMUST00000208214	2398
ENSMUST00000184620	3843
ENSMUST00000186331	2564
ENSMUST00000184535	1358
ENSMUST00000175872	1720
ENSMUST00000170377	2573
ENSMUST00000155764	3716
ENSMUST00000174183	2648
ENSMUST00000160648	3157
ENSMUST00000198382	3526
ENSMUST00000194278	2235
ENSMUST00000184888	3892
ENSMUST00000199374	3372
ENSMUST00000172956	4488
ENSMUST00000173419	1404
ENSMUST00000208992	1577
ENSMUST00000171769	3807
ENSMUST00000202245	3413
ENSMUST00000162293	5520
ENSMUST00000195571	4341
ENSMUST00000164972	2237
ENSMUST00000208761	1898
ENSMUST00000192103	3588
ENSMUST00000160611	1971
ENSMUST00000176146	2230
ENSMUST00000203059	1622
ENSMUST00000168938	3901
ENSMUST00000163536	1447
ENSMUST00000184159	3453
ENSMUST00000156173	3751
ENSMUST00000192702	1194
ENSMUST00000165215	3135
ENSMUST00000208683	1919
ENSMUST00000199809	5289
ENSMUST00000205149	2159
ENSMUST00000207945	2710
ENSMUST00000208951	1883
ENSMUST00000199222	2438
ENSMUST00000159545	2754
ENSMUST00000170297	1135
ENSMUST00000171728	2958
ENSMUST00000205119	4149
ENSMUST00000183542	3123
ENSMUST00000205738	1099
ENSMUST00000208457	1434
ENSMUST00000189124	4013
ENSMUST00000205279	897
ENSMUST00000160475	3263
ENSMUST00000159194	819
ENSMUST00000173863	2053
ENSMUST00000195433	6299
ENSMUST00000200116	3086
ENSMUST00000161630	3856
ENSMUST00000201979	1283
ENSMUST00000208213	3060
ENSMUST00000183773	2149
ENSMUST00000208841	2852
ENSMUST00000206556	3394
ENSMUST00000165515	2078
ENSMUST00000185909	1641
ENSMUST00000159566	969
ENSMUST00000167355	830
ENSMUST00000195751	3474
ENSMUST00000156063	1496
ENSMUST00000201448	2669
ENSMUST00000200086	2158
ENSMUST00000206514	1456
ENSMUST00000176086	2687
ENSMUST00000163379	682
ENSMUST00000173466	2603
ENSMUST00000193638	2253
ENSMUST00000163574	2744
ENSMUST00000165305	1432
ENSMUST00000162166	2281
ENSMUST00000183359	4122
ENSMUST00000195088	4402
ENSMUST00000162247	1883
ENSMUST00000183947	1437
ENSMUST00000196727	2749
ENSMUST00000200404	1576
ENSMUST00000180716	3882
ENSMUST00000186100	3231
ENSMUST00000155594	2214
ENSMUST00000183448	3921
ENSMUST00000168902	976
ENSMUST00000156610	4611
ENSMUST00000156597	2450
ENSMUST00000193727	1594
ENSMUST00000156598	1506
ENSMUST00000196964	5930
ENSMUST00000183693	3102
ENSMUST00000173930	2236
ENSMUST00000156256	2236
ENSMUST00000200430	1775
ENSMUST00000172828	1925
ENSMUST00000173705	2294
ENSMUST00000204764	1339
ENSMUST00000196341	2994
ENSMUST00000200798	857
ENSMUST00000176756	8260
ENSMUST00000182013	3809
ENSMUST00000194751	4319
ENSMUST00000190618	2969
ENSMUST00000168083	603
ENSMUST00000201359	4098
ENSMUST00000184914	2212
ENSMUST00000165380	1292
ENSMUST00000203847	1421
ENSMUST00000156700	3098
ENSMUST00000201528	7278
ENSMUST00000189559	2560
ENSMUST00000176752	2844
ENSMUST00000161619	3614
ENSMUST00000176289	2310
ENSMUST00000162428	845
ENSMUST00000168309	5102
ENSMUST00000206487	4453
ENSMUST00000164311	2063
ENSMUST00000162291	5000
ENSMUST00000173264	1480
ENSMUST00000199591	1712
ENSMUST00000185370	3632
ENSMUST00000176263	4810
ENSMUST00000161608	2495
ENSMUST00000209058	3561
ENSMUST00000198472	1451
ENSMUST00000192639	1294
ENSMUST00000155107	1983
ENSMUST00000177279	1130
ENSMUST00000155108	1793
ENSMUST00000173741	3203
ENSMUST00000167812	2803
ENSMUST00000192410	1500
ENSMUST00000191401	1940
ENSMUST00000177029	1721
ENSMUST00000164035	3119
ENSMUST00000166090	1859
ENSMUST00000172542	1280
ENSMUST00000206301	3007
ENSMUST00000196801	4469
ENSMUST00000156218	2124
ENSMUST00000207563	3640
ENSMUST00000160890	1812
ENSMUST00000197296	1938
ENSMUST00000172922	3385
ENSMUST00000166724	1574
ENSMUST00000194663	7657
ENSMUST00000174603	2718
ENSMUST00000165955	1500
ENSMUST00000193874	2514
ENSMUST00000162552	862
ENSMUST00000160480	1270
ENSMUST00000170115	1287
ENSMUST00000176695	4168
ENSMUST00000184795	2938
ENSMUST00000163042	1930
ENSMUST00000174026	1743
ENSMUST00000204826	910
ENSMUST00000172774	680
ENSMUST00000162789	1059
ENSMUST00000192850	1914
ENSMUST00000188001	2060
ENSMUST00000170575	3421
ENSMUST00000191014	1138
ENSMUST00000207601	1304
ENSMUST00000168117	2229
ENSMUST00000174267	5471
ENSMUST00000160163	3289
ENSMUST00000192544	1407
ENSMUST00000162657	2047
ENSMUST00000191237	1689
ENSMUST00000209207	1332
ENSMUST00000177294	2835
ENSMUST00000196204	4509
ENSMUST00000198042	2567
ENSMUST00000174713	4505
ENSMUST00000160452	2643
ENSMUST00000207381	1130
ENSMUST00000161995	2241
ENSMUST00000187485	5621
ENSMUST00000155700	3149
ENSMUST00000198625	3867
ENSMUST00000176158	869
ENSMUST00000194039	2972
ENSMUST00000199684	3636
ENSMUST00000190778	2438
ENSMUST00000196929	4259
ENSMUST00000183914	3256
ENSMUST00000173973	1105
ENSMUST00000174018	4210
ENSMUST00000184221	1062
ENSMUST00000207779	774
ENSMUST00000184693	1829
ENSMUST00000195156	2199
ENSMUST00000173013	3733
ENSMUST00000162635	2021
ENSMUST00000206612	5938
ENSMUST00000190497	2859
ENSMUST00000167523	869
ENSMUST00000186745	3315
ENSMUST00000173833	2181
ENSMUST00000160329	2792
ENSMUST00000199767	3360
ENSMUST00000182462	4117
ENSMUST00000177465	2544
ENSMUST00000207907	2431
ENSMUST00000161123	2607
ENSMUST00000182500	3307
ENSMUST00000207151	1084
ENSMUST00000167443	2466
ENSMUST00000168600	3589
ENSMUST00000208526	3703
ENSMUST00000200390	761
ENSMUST00000203820	2090
ENSMUST00000162108	2433
ENSMUST00000160443	4126
ENSMUST00000156226	2200
ENSMUST00000164781	3155
ENSMUST00000173408	2818
ENSMUST00000208068	2151
ENSMUST00000182478	5471
ENSMUST00000176013	2106
ENSMUST00000182200	3109
ENSMUST00000156067	1485
ENSMUST00000173158	1415
ENSMUST00000187028	3208
ENSMUST00000173110	2642
ENSMUST00000159394	2244
ENSMUST00000197535	763
ENSMUST00000159804	538
ENSMUST00000176312	763
ENSMUST00000177336	3230
ENSMUST00000189529	1801
ENSMUST00000204496	4144
ENSMUST00000207726	2393
ENSMUST00000163398	3378
ENSMUST00000175966	2154
ENSMUST00000183913	3215
ENSMUST00000205520	2591
ENSMUST00000208148	2785
ENSMUST00000207498	1455
ENSMUST00000163061	5016
ENSMUST00000164252	1426
ENSMUST00000204083	1915
ENSMUST00000199464	2037
ENSMUST00000200730	2019
ENSMUST00000154970	3725
ENSMUST00000175647	1812
ENSMUST00000155273	940
ENSMUST00000199727	3426
ENSMUST00000185919	8890
ENSMUST00000206472	3583
ENSMUST00000196814	7442
ENSMUST00000173846	1824
ENSMUST00000161762	775
ENSMUST00000175926	2303
ENSMUST00000186825	1810
ENSMUST00000207766	2336
ENSMUST00000159893	1626
ENSMUST00000196469	3084
ENSMUST00000172568	3727
ENSMUST00000184276	3009
ENSMUST00000173389	6380
ENSMUST00000161703	1608
ENSMUST00000186867	2223
ENSMUST00000161283	498
ENSMUST00000164298	1471
ENSMUST00000168928	2011
ENSMUST00000168217	809
ENSMUST00000183255	2265
ENSMUST00000164591	1974
ENSMUST00000169938	4356
ENSMUST00000205906	1150
ENSMUST00000162109	3254
ENSMUST00000159984	2702
ENSMUST00000174799	843
ENSMUST00000182512	1647
ENSMUST00000169024	3029
ENSMUST00000174242	1112
ENSMUST00000198526	3001
ENSMUST00000199955	3181
ENSMUST00000189986	4298
ENSMUST00000197833	1598
ENSMUST00000204532	4078
ENSMUST00000167608	991
ENSMUST00000207235	1473
ENSMUST00000174290	2157
ENSMUST00000174647	1736
ENSMUST00000161032	4226
ENSMUST00000155781	580
ENSMUST00000162560	2500
ENSMUST00000177087	2822
ENSMUST00000167091	2232
ENSMUST00000155866	1227
ENSMUST00000176771	936
ENSMUST00000203467	2729
ENSMUST00000176300	2522
ENSMUST00000159817	2482
ENSMUST00000187953	2761
ENSMUST00000198706	1788
ENSMUST00000184169	2392
ENSMUST00000173869	1859
ENSMUST00000164776	3412
ENSMUST00000160495	1016
ENSMUST00000207524	2162
ENSMUST00000172533	2464
ENSMUST00000208600	1419
ENSMUST00000159957	2117
ENSMUST00000164213	2571
ENSMUST00000206117	3311
ENSMUST00000201123	1138
ENSMUST00000161854	4258
ENSMUST00000162393	5092
ENSMUST00000163130	1490
ENSMUST00000163844	2222
ENSMUST00000177230	2198
ENSMUST00000197460	1290
ENSMUST00000206934	653
ENSMUST00000186726	5916
ENSMUST00000161557	4301
ENSMUST00000183538	2361
ENSMUST00000185128	3326
ENSMUST00000200224	920
ENSMUST00000170028	2817
ENSMUST00000192463	3681
ENSMUST00000173372	3800
ENSMUST00000174228	1432
ENSMUST00000195136	668
ENSMUST00000199937	2190
ENSMUST00000169311	1255
ENSMUST00000194785	4002
ENSMUST00000177895	1486
ENSMUST00000175810	1162
ENSMUST00000204437	912
ENSMUST00000197601	496
ENSMUST00000204804	6077
ENSMUST00000159683	1528
ENSMUST00000159440	2398
ENSMUST00000203895	3320
ENSMUST00000190876	1420
ENSMUST00000171616	2204
ENSMUST00000162326	1853
ENSMUST00000175918	2565
ENSMUST00000184978	2570
ENSMUST00000208087	1525
ENSMUST00000206807	1607
ENSMUST00000180646	4557
ENSMUST00000206398	799
ENSMUST00000174418	4359
ENSMUST00000184127	1257
ENSMUST00000188782	3762
ENSMUST00000193374	1017
ENSMUST00000172791	4948
ENSMUST00000204508	773
ENSMUST00000199051	2742
ENSMUST00000162023	2519
ENSMUST00000194657	2431
ENSMUST00000156972	3947
ENSMUST00000176251	2963
ENSMUST00000165457	3463
ENSMUST00000164924	1957
ENSMUST00000199113	2934
ENSMUST00000184838	4230
ENSMUST00000185403	1366
ENSMUST00000195291	5504
ENSMUST00000173292	5172
ENSMUST00000182450	2994
ENSMUST00000160014	871
ENSMUST00000206191	4120
ENSMUST00000180580	3308
ENSMUST00000170318	2606
ENSMUST00000167190	6541
ENSMUST00000176795	1042
ENSMUST00000156970	1708
ENSMUST00000196423	3376
ENSMUST00000190404	759
ENSMUST00000184932	3622
ENSMUST00000164373	1535
ENSMUST00000194612	2949
ENSMUST00000173682	4256
ENSMUST00000178254	724
ENSMUST00000171580	867
ENSMUST00000160713	3504
ENSMUST00000173168	6073
ENSMUST00000190154	546
ENSMUST00000184867	4167
ENSMUST00000172695	826
ENSMUST00000168213	1932
ENSMUST00000162476	1112
ENSMUST00000204796	3025
ENSMUST00000160855	2339
ENSMUST00000195969	2014
ENSMUST00000160267	658
ENSMUST00000200839	3562
ENSMUST00000201525	2364
ENSMUST00000185139	6719
ENSMUST00000183855	1121
ENSMUST00000159076	1608
ENSMUST00000183268	2015
ENSMUST00000192150	1756
ENSMUST00000159145	4241
ENSMUST00000204343	1265
ENSMUST00000177180	2719
ENSMUST00000183662	3470
ENSMUST00000177232	3953
ENSMUST00000200045	4173
ENSMUST00000176617	1935
ENSMUST00000206198	2957
ENSMUST00000177402	841
ENSMUST00000162313	782
ENSMUST00000183112	7386
ENSMUST00000204088	963
ENSMUST00000182491	4983
ENSMUST00000186229	494
ENSMUST00000161045	1604
ENSMUST00000202279	949
ENSMUST00000176479	2316
ENSMUST00000205519	647
ENSMUST00000182584	1377
ENSMUST00000155530	2257
ENSMUST00000155391	1237
ENSMUST00000174704	1789
ENSMUST00000161587	1786
ENSMUST00000155266	700
ENSMUST00000189443	756
ENSMUST00000155739	2277
ENSMUST00000164653	2241
ENSMUST00000197041	3261
ENSMUST00000177156	1724
ENSMUST00000191030	2319
ENSMUST00000174405	2575
ENSMUST00000193439	3761
ENSMUST00000203322	934
ENSMUST00000207986	4425
ENSMUST00000190604	2757
ENSMUST00000159927	4827
ENSMUST00000202332	1769
ENSMUST00000163037	3581
ENSMUST00000161918	1385
ENSMUST00000189644	1294
ENSMUST00000207185	2764
ENSMUST00000199118	1287
ENSMUST00000162934	2281
ENSMUST00000206664	2909
ENSMUST00000204489	1561
ENSMUST00000186384	1878
ENSMUST00000192343	4398
ENSMUST00000155090	6058
ENSMUST00000191212	2799
ENSMUST00000177114	3999
ENSMUST00000161892	597
ENSMUST00000159286	4835
ENSMUST00000172388	1870
ENSMUST00000196651	3879
ENSMUST00000188630	1615
ENSMUST00000170058	1083
ENSMUST00000169016	3257
ENSMUST00000184401	5057
ENSMUST00000184312	2805
ENSMUST00000207003	2187
ENSMUST00000193552	793
ENSMUST00000198174	2584
ENSMUST00000183048	6170
ENSMUST00000173823	4204
ENSMUST00000178883	2383
ENSMUST00000160752	1569
ENSMUST00000205065	3393
ENSMUST00000156198	1641
ENSMUST00000197713	4389
ENSMUST00000161732	2026
ENSMUST00000197662	2467
ENSMUST00000156637	2709
ENSMUST00000156638	2142
ENSMUST00000184537	2606
ENSMUST00000174372	2241
ENSMUST00000163107	4316
ENSMUST00000199735	2508
ENSMUST00000184124	5339
ENSMUST00000173030	4009
ENSMUST00000160645	2395
ENSMUST00000161417	783
ENSMUST00000155757	2950
ENSMUST00000159813	1341
ENSMUST00000200482	752
ENSMUST00000176911	1687
ENSMUST00000207736	2128
ENSMUST00000182715	2516
ENSMUST00000168484	2368
ENSMUST00000207482	1597
ENSMUST00000177322	1697
ENSMUST00000160383	1295
ENSMUST00000195770	1054
ENSMUST00000161189	4189
ENSMUST00000160050	1456
ENSMUST00000206846	3696
ENSMUST00000180259	2312
ENSMUST00000200860	966
ENSMUST00000178661	4414
ENSMUST00000189655	2441
ENSMUST00000155078	3691
ENSMUST00000193636	2610
ENSMUST00000155411	936
ENSMUST00000183731	2661
ENSMUST00000168124	1490
ENSMUST00000183880	4656
ENSMUST00000187717	3860
ENSMUST00000200429	10770
ENSMUST00000192565	680
ENSMUST00000192185	3798
ENSMUST00000199212	1913
ENSMUST00000197336	4225
ENSMUST00000185483	2023
ENSMUST00000187699	1672
ENSMUST00000168408	810
ENSMUST00000200634	3103
ENSMUST00000187005	1359
ENSMUST00000159713	2695
ENSMUST00000161090	1297
ENSMUST00000159079	1042
ENSMUST00000209047	2505
ENSMUST00000189871	2866
ENSMUST00000164915	3688
ENSMUST00000162494	2973
ENSMUST00000184297	2742
ENSMUST00000200961	2878
ENSMUST00000205617	3371
ENSMUST00000190247	3458
ENSMUST00000165949	1263
ENSMUST00000202525	2269
ENSMUST00000206452	2477
ENSMUST00000207219	1987
ENSMUST00000184371	3754
ENSMUST00000206583	1399
ENSMUST00000160897	1646
ENSMUST00000198748	787
ENSMUST00000190646	3603
ENSMUST00000174348	3249
ENSMUST00000191808	3366
ENSMUST00000206703	756
ENSMUST00000166711	1932
ENSMUST00000156680	3760
ENSMUST00000162774	3583
ENSMUST00000202677	1191
ENSMUST00000155448	4534
ENSMUST00000160481	2880
ENSMUST00000163782	2495
ENSMUST00000188332	4109
ENSMUST00000156138	3021
ENSMUST00000206385	2830
ENSMUST00000166135	1321
ENSMUST00000176472	4123
ENSMUST00000164404	1972
ENSMUST00000182573	3010
ENSMUST00000167927	7875
ENSMUST00000165780	2899
ENSMUST00000190222	2685
ENSMUST00000195396	4775
ENSMUST00000201642	2427
ENSMUST00000156846	3930
ENSMUST00000182023	1637
ENSMUST00000156644	2411
ENSMUST00000160217	4248
ENSMUST00000170251	1217
ENSMUST00000188738	2803
ENSMUST00000203137	1774
ENSMUST00000170420	1875
ENSMUST00000165477	6290
ENSMUST00000190068	3263
ENSMUST00000162851	562
ENSMUST00000199004	5297
ENSMUST00000176808	3374
ENSMUST00000184882	2311
ENSMUST00000197880	2590
ENSMUST00000163231	5262
ENSMUST00000180044	3131
ENSMUST00000177376	1567
ENSMUST00000203131	4725
ENSMUST00000156613	5902
ENSMUST00000166889	1096
ENSMUST00000200577	3188
ENSMUST00000162986	1319
ENSMUST00000176027	731
ENSMUST00000155216	5083
ENSMUST00000198014	4250
ENSMUST00000200985	1137
ENSMUST00000162694	3749
ENSMUST00000155926	704
ENSMUST00000173629	1200
ENSMUST00000170828	452
ENSMUST00000174096	1670
ENSMUST00000195576	1957
ENSMUST00000163140	807
ENSMUST00000160511	2419
ENSMUST00000169290	3087
ENSMUST00000193695	1339
ENSMUST00000183178	2523
ENSMUST00000160465	1628
ENSMUST00000192125	3681
ENSMUST00000186360	5899
ENSMUST00000202478	826
ENSMUST00000197412	1475
ENSMUST00000176668	2667
ENSMUST00000197374	3900
ENSMUST00000192773	4908
ENSMUST00000200341	3257
ENSMUST00000156679	5661
ENSMUST00000159564	751
ENSMUST00000206479	4403
ENSMUST00000172488	475
ENSMUST00000170512	5000
ENSMUST00000189503	1514
ENSMUST00000162155	6913
ENSMUST00000199888	7198
ENSMUST00000204998	2427
ENSMUST00000195779	4001
ENSMUST00000204235	2076
ENSMUST00000200955	5373
ENSMUST00000156133	2791
ENSMUST00000155413	1966
ENSMUST00000170176	3513
ENSMUST00000166358	2963
ENSMUST00000175929	788
ENSMUST00000183733	876
ENSMUST00000172593	1511
ENSMUST00000189027	1841
ENSMUST00000183280	959
ENSMUST00000209123	3147
ENSMUST00000170617	6426
ENSMUST00000183984	1996
ENSMUST00000176198	3072
ENSMUST00000160063	2782
ENSMUST00000174343	3407
ENSMUST00000203281	1973
ENSMUST00000193977	4300
ENSMUST00000204620	4179
ENSMUST00000184067	4281
ENSMUST00000176348	860
ENSMUST00000184897	1690
ENSMUST00000175751	4658
ENSMUST00000184294	4085
ENSMUST00000190514	2196
ENSMUST00000156363	4346
ENSMUST00000185119	807
ENSMUST00000197940	498
ENSMUST00000160064	1901
ENSMUST00000183484	359
ENSMUST00000166272	2045
ENSMUST00000165263	1456
ENSMUST00000190882	2894
ENSMUST00000156066	2583
ENSMUST00000166075	1582
ENSMUST00000163229	1406
ENSMUST00000177337	917
ENSMUST00000169745	4143
ENSMUST00000184399	2808
ENSMUST00000198561	851
ENSMUST00000200631	1129
ENSMUST00000170129	2786
ENSMUST00000176350	809
ENSMUST00000185029	3641
ENSMUST00000166146	2900
ENSMUST00000155869	2728
ENSMUST00000172988	829
ENSMUST00000177883	1388
ENSMUST00000189758	1886
ENSMUST00000155905	2547
ENSMUST00000156015	1017
ENSMUST00000170100	1073
ENSMUST00000173878	936
ENSMUST00000177133	806
ENSMUST00000202124	1647
ENSMUST00000201882	1497
ENSMUST00000184582	2570
ENSMUST00000165387	853
ENSMUST00000168561	2705
ENSMUST00000166838	870
ENSMUST00000207663	2255
ENSMUST00000155778	1633
ENSMUST00000201817	3305
ENSMUST00000190733	4474
ENSMUST00000184550	1924
ENSMUST00000190696	1411
ENSMUST00000187339	659
ENSMUST00000168396	1104
ENSMUST00000203254	2953
ENSMUST00000173010	1658
ENSMUST00000162073	2530
ENSMUST00000203824	1025
ENSMUST00000201958	2242
ENSMUST00000184130	1356
ENSMUST00000208288	1600
ENSMUST00000161712	2154
ENSMUST00000159123	2189
ENSMUST00000160243	1490
ENSMUST00000174577	1444
ENSMUST00000183684	3433
ENSMUST00000203189	686
ENSMUST00000204257	1358
ENSMUST00000161970	2654
ENSMUST00000183940	3166
ENSMUST00000173573	5781
ENSMUST00000182739	955
ENSMUST00000170858	967
ENSMUST00000165124	1861
ENSMUST00000162944	1774
ENSMUST00000177254	2556
ENSMUST00000194327	2868
ENSMUST00000185469	778
ENSMUST00000197205	3244
ENSMUST00000186107	1837
ENSMUST00000170918	2655
ENSMUST00000155389	2312
ENSMUST00000206622	5067
ENSMUST00000193190	2160
ENSMUST00000201108	1009
ENSMUST00000205444	3337
ENSMUST00000168855	1177
ENSMUST00000174117	651
ENSMUST00000174266	5399
ENSMUST00000206134	4061
ENSMUST00000173931	4121
ENSMUST00000188298	3099
ENSMUST00000184454	3834
ENSMUST00000162257	2204
ENSMUST00000155284	2208
ENSMUST00000199557	2873
ENSMUST00000225549	2897
ENSMUST00000211565	766
ENSMUST00000234674	1393
ENSMUST00000213847	1146
ENSMUST00000235718	2667
ENSMUST00000234872	5610
ENSMUST00000225740	3952
ENSMUST00000225600	3003
ENSMUST00000209811	2250
ENSMUST00000210478	2007
ENSMUST00000231386	1309
ENSMUST00000230610	1431
ENSMUST00000235782	1589
ENSMUST00000233859	15979
ENSMUST00000233445	5645
ENSMUST00000225476	1455
ENSMUST00000218371	1594
ENSMUST00000231105	2430
ENSMUST00000216457	1699
ENSMUST00000235183	2093
ENSMUST00000233802	3582
ENSMUST00000228788	4394
ENSMUST00000227708	552
ENSMUST00000227246	3822
ENSMUST00000225314	1589
ENSMUST00000214755	4065
ENSMUST00000214681	776
ENSMUST00000229755	2677
ENSMUST00000209410	917
ENSMUST00000222990	1447
ENSMUST00000225968	1561
ENSMUST00000230366	1706
ENSMUST00000239137	3003
ENSMUST00000229085	1270
ENSMUST00000237362	1993
ENSMUST00000233630	9041
ENSMUST00000219519	1317
ENSMUST00000226754	2552
ENSMUST00000235135	2633
ENSMUST00000214954	855
ENSMUST00000228877	5087
ENSMUST00000232771	3461
ENSMUST00000233276	4401
ENSMUST00000233267	8295
ENSMUST00000236949	1223
ENSMUST00000229248	2590
ENSMUST00000225461	1701
ENSMUST00000226906	4340
ENSMUST00000232997	5046
ENSMUST00000236649	2822
ENSMUST00000222162	1158
ENSMUST00000218776	4615
ENSMUST00000224784	7690
ENSMUST00000211883	1833
ENSMUST00000236756	615
ENSMUST00000218199	2709
ENSMUST00000238190	3158
ENSMUST00000217116	3756
ENSMUST00000212249	841
ENSMUST00000217678	2212
ENSMUST00000212193	1638
ENSMUST00000223862	2561
ENSMUST00000236780	2699
ENSMUST00000226375	1724
ENSMUST00000210075	3534
ENSMUST00000236797	2110
ENSMUST00000213006	7479
ENSMUST00000236121	2437
ENSMUST00000210630	3494
ENSMUST00000234908	4794
ENSMUST00000236619	1196
ENSMUST00000235237	1161
ENSMUST00000229628	1310
ENSMUST00000238677	5684
ENSMUST00000231659	2676
ENSMUST00000226595	760
ENSMUST00000233971	7052
ENSMUST00000232853	3532
ENSMUST00000221153	3634
ENSMUST00000216505	2551
ENSMUST00000223322	1368
ENSMUST00000221904	4903
ENSMUST00000219400	3005
ENSMUST00000235401	1422
ENSMUST00000209484	1783
ENSMUST00000233709	4493
ENSMUST00000212968	4551
ENSMUST00000236962	1478
ENSMUST00000210231	1685
ENSMUST00000215729	3426
ENSMUST00000229031	6490
ENSMUST00000227032	1023
ENSMUST00000231724	2135
ENSMUST00000237526	1191
ENSMUST00000234323	7461
ENSMUST00000232338	4405
ENSMUST00000218275	1872
ENSMUST00000219197	5283
ENSMUST00000233750	3847
ENSMUST00000212431	1762
ENSMUST00000233327	3655
ENSMUST00000217794	4917
ENSMUST00000232701	22143
ENSMUST00000230856	1556
ENSMUST00000211095	2802
ENSMUST00000233436	930
ENSMUST00000226860	1975
ENSMUST00000226215	4703
ENSMUST00000235859	2179
ENSMUST00000231633	2768
ENSMUST00000211914	820
ENSMUST00000237481	2945
ENSMUST00000233564	2984
ENSMUST00000212437	3307
ENSMUST00000236786	4731
ENSMUST00000234340	1357
ENSMUST00000226467	1999
ENSMUST00000226757	4647
ENSMUST00000209548	1277
ENSMUST00000236206	3315
ENSMUST00000236747	1005
ENSMUST00000232546	601
ENSMUST00000226740	1765
ENSMUST00000237488	1649
ENSMUST00000231042	4340
ENSMUST00000212326	779
ENSMUST00000232707	7937
ENSMUST00000217660	1486
ENSMUST00000223562	3840
ENSMUST00000222958	2975
ENSMUST00000223230	2052
ENSMUST00000224742	4901
ENSMUST00000218681	1702
ENSMUST00000232078	3545
ENSMUST00000223028	5205
ENSMUST00000229304	2175
ENSMUST00000213490	3309
ENSMUST00000233381	1774
ENSMUST00000231934	689
ENSMUST00000233014	553
ENSMUST00000227605	3220
ENSMUST00000235285	2094
ENSMUST00000222514	3520
ENSMUST00000219712	1924
ENSMUST00000216222	3366
ENSMUST00000220821	1118
ENSMUST00000213149	12289
ENSMUST00000215822	3134
ENSMUST00000233388	8162
ENSMUST00000227944	5365
ENSMUST00000234705	1767
ENSMUST00000219878	4528
ENSMUST00000212845	2818
ENSMUST00000232823	7926
ENSMUST00000222951	1293
ENSMUST00000225299	1196
ENSMUST00000214734	1442
ENSMUST00000234962	4866
ENSMUST00000233231	4036
ENSMUST00000237844	5101
ENSMUST00000232679	2239
ENSMUST00000218547	4198
ENSMUST00000226934	3891
ENSMUST00000213880	648
ENSMUST00000219058	1402
ENSMUST00000238782	4955
ENSMUST00000220257	2026
ENSMUST00000227540	1819
ENSMUST00000223807	3457
ENSMUST00000219574	2288
ENSMUST00000228757	2699
ENSMUST00000235709	1625
ENSMUST00000234082	4700
ENSMUST00000238220	1018
ENSMUST00000216048	843
ENSMUST00000228066	640
ENSMUST00000229158	571
ENSMUST00000210684	958
ENSMUST00000212099	3687
ENSMUST00000235988	4267
ENSMUST00000231682	2065
ENSMUST00000231994	3809
ENSMUST00000235990	1260
ENSMUST00000218859	1343
ENSMUST00000239305	15247
ENSMUST00000216838	3702
ENSMUST00000225235	4326
ENSMUST00000210818	976
ENSMUST00000227350	2153
ENSMUST00000233160	9030
ENSMUST00000231168	1627
ENSMUST00000233439	3457
ENSMUST00000233789	11330
ENSMUST00000229238	1417
ENSMUST00000231546	8145
ENSMUST00000211574	2170
ENSMUST00000229387	1671
ENSMUST00000226246	3472
ENSMUST00000235891	2885
ENSMUST00000226835	1427
ENSMUST00000237603	1036
ENSMUST00000222005	7827
ENSMUST00000219771	2101
ENSMUST00000232633	1837
ENSMUST00000236160	2106
ENSMUST00000235293	1598
ENSMUST00000211866	2920
ENSMUST00000237323	975
ENSMUST00000220845	1163
ENSMUST00000218026	1944
ENSMUST00000220637	2195
ENSMUST00000224909	2739
ENSMUST00000211431	4315
ENSMUST00000237276	1256
ENSMUST00000233484	2920
ENSMUST00000218022	5272
ENSMUST00000235487	1473
ENSMUST00000218576	3092
ENSMUST00000212361	2498
ENSMUST00000234642	4706
ENSMUST00000223450	2726
ENSMUST00000237339	725
ENSMUST00000229559	4161
ENSMUST00000237082	1680
ENSMUST00000237962	3100
ENSMUST00000221725	2994
ENSMUST00000234844	1354
ENSMUST00000233811	3490
ENSMUST00000229502	595
ENSMUST00000237791	2636
ENSMUST00000225251	2192
ENSMUST00000212164	666
ENSMUST00000219292	1719
ENSMUST00000232807	15552
ENSMUST00000236349	3065
ENSMUST00000237838	1571
ENSMUST00000233841	2322
ENSMUST00000219697	668
ENSMUST00000236850	1817
ENSMUST00000233543	1116
ENSMUST00000235764	3260
ENSMUST00000223911	1457
ENSMUST00000239519	1969
ENSMUST00000220655	1603
ENSMUST00000235465	1278
ENSMUST00000222889	640
ENSMUST00000237018	1888
ENSMUST00000212036	891
ENSMUST00000234428	2317
ENSMUST00000216351	2484
ENSMUST00000230430	1668
ENSMUST00000228588	1446
ENSMUST00000231003	2519
ENSMUST00000225138	1421
ENSMUST00000236410	2593
ENSMUST00000233957	3826
ENSMUST00000233544	3656
ENSMUST00000211347	4726
ENSMUST00000236199	6290
ENSMUST00000234465	10210
ENSMUST00000231066	1980
ENSMUST00000215506	1122
ENSMUST00000235518	1504
ENSMUST00000228686	2347
ENSMUST00000233847	1385
ENSMUST00000229825	1511
ENSMUST00000212539	1715
ENSMUST00000233635	10157
ENSMUST00000230011	1772
ENSMUST00000235055	950
ENSMUST00000233294	1377
ENSMUST00000221628	1486
ENSMUST00000223956	848
ENSMUST00000229127	4310
ENSMUST00000222568	3903
ENSMUST00000233145	1534
ENSMUST00000222075	2027
ENSMUST00000219370	3772
ENSMUST00000214285	1213
ENSMUST00000231389	2457
ENSMUST00000215169	2118
ENSMUST00000218327	1670
ENSMUST00000219049	1817
ENSMUST00000230747	2537
ENSMUST00000231036	1289
ENSMUST00000221522	2708
ENSMUST00000225884	5307
ENSMUST00000234362	1780
ENSMUST00000236628	3993
ENSMUST00000215050	2050
ENSMUST00000210427	6111
ENSMUST00000234610	4320
ENSMUST00000237369	2103
ENSMUST00000219884	1902
ENSMUST00000212626	3488
ENSMUST00000220122	1095
ENSMUST00000234826	4322
ENSMUST00000227751	497
ENSMUST00000234055	5039
ENSMUST00000235303	2187
ENSMUST00000224773	1589
ENSMUST00000212066	2810
ENSMUST00000214462	2624
ENSMUST00000237960	2988
ENSMUST00000220429	2555
ENSMUST00000235651	2456
ENSMUST00000234984	5471
ENSMUST00000238000	2063
ENSMUST00000236068	4597
ENSMUST00000232849	10927
ENSMUST00000232113	2711
ENSMUST00000237381	4570
ENSMUST00000228643	2971
ENSMUST00000224265	1834
ENSMUST00000216365	1665
ENSMUST00000224857	856
ENSMUST00000224858	1966
ENSMUST00000236642	1389
ENSMUST00000221241	3337
ENSMUST00000236954	2021
ENSMUST00000212176	1136
ENSMUST00000215022	4125
ENSMUST00000212650	1408
ENSMUST00000224892	4962
ENSMUST00000230192	2665
ENSMUST00000232143	1682
ENSMUST00000224694	3315
ENSMUST00000217593	3319
ENSMUST00000233764	3253
ENSMUST00000233177	3874
ENSMUST00000214576	1013
ENSMUST00000229576	5094
ENSMUST00000219851	1056
ENSMUST00000237833	2981
ENSMUST00000233548	1666
ENSMUST00000231698	3046
ENSMUST00000232114	1120
ENSMUST00000233687	4841
ENSMUST00000223827	2632
ENSMUST00000212129	578
ENSMUST00000223210	6946
ENSMUST00000233421	9941
ENSMUST00000234631	1745
ENSMUST00000229411	1854
ENSMUST00000225419	3137
ENSMUST00000209292	2026
ENSMUST00000215851	2577
ENSMUST00000210530	2398
ENSMUST00000234455	1724
ENSMUST00000212971	3972
ENSMUST00000217148	3466
ENSMUST00000237881	2453
ENSMUST00000215189	3893
ENSMUST00000221042	1892
ENSMUST00000239514	3865
ENSMUST00000233634	1252
ENSMUST00000233836	10291
ENSMUST00000239070	1385
ENSMUST00000235638	971
ENSMUST00000222290	3123
ENSMUST00000222581	2581
ENSMUST00000223718	4835
ENSMUST00000237620	2121
ENSMUST00000234560	2410
ENSMUST00000227880	2041
ENSMUST00000233179	2411
ENSMUST00000222494	2790
ENSMUST00000217434	5515
ENSMUST00000218887	1339
ENSMUST00000233633	4067
ENSMUST00000216008	3433
ENSMUST00000211453	1636
ENSMUST00000224449	922
ENSMUST00000223091	1065
ENSMUST00000238784	875
ENSMUST00000224576	2928
ENSMUST00000225445	2532
ENSMUST00000237888	2856
ENSMUST00000217356	1101
ENSMUST00000232484	848
ENSMUST00000237060	1623
ENSMUST00000233320	7499
ENSMUST00000230698	6515
ENSMUST00000239291	1624
ENSMUST00000237137	1484
ENSMUST00000220965	2572
ENSMUST00000224903	3520
ENSMUST00000234878	5106
ENSMUST00000233504	5638
ENSMUST00000225797	4394
ENSMUST00000232243	2984
ENSMUST00000236676	2844
ENSMUST00000231722	2136
ENSMUST00000237680	1892
ENSMUST00000212323	3277
ENSMUST00000232345	2980
ENSMUST00000223342	3455
ENSMUST00000231387	1158
ENSMUST00000209452	1979
ENSMUST00000220247	3635
ENSMUST00000215331	4415
ENSMUST00000230749	3357
ENSMUST00000237170	5110
ENSMUST00000233111	12033
ENSMUST00000233629	4089
ENSMUST00000236895	6180
ENSMUST00000213762	2776
ENSMUST00000235803	713
ENSMUST00000210515	866
ENSMUST00000231636	3083
ENSMUST00000209812	690
ENSMUST00000224500	1353
ENSMUST00000236397	1709
ENSMUST00000233147	4085
ENSMUST00000237853	1025
ENSMUST00000225086	2022
ENSMUST00000211301	4052
ENSMUST00000235830	1992
ENSMUST00000231140	843
ENSMUST00000233668	4196
ENSMUST00000235781	2556
ENSMUST00000234299	5018
ENSMUST00000221148	3777
ENSMUST00000228868	2002
ENSMUST00000212358	2687
ENSMUST00000235114	1073
ENSMUST00000239252	1606
ENSMUST00000232451	1058
ENSMUST00000236873	2482
ENSMUST00000234051	13307
ENSMUST00000232635	1184
ENSMUST00000237745	1959
ENSMUST00000237338	1843
ENSMUST00000237979	1364
ENSMUST00000223026	1944
ENSMUST00000214510	3812
ENSMUST00000239085	3741
ENSMUST00000210040	2688
ENSMUST00000232987	1041
ENSMUST00000233955	6659
ENSMUST00000231915	5833
ENSMUST00000232526	2540
ENSMUST00000209265	2238
ENSMUST00000226310	1809
ENSMUST00000228930	1382
ENSMUST00000235685	1064
ENSMUST00000211199	2416
ENSMUST00000220484	882
ENSMUST00000236382	3342
ENSMUST00000210501	2682
ENSMUST00000233637	3110
ENSMUST00000210830	2265
ENSMUST00000228903	4358
ENSMUST00000232731	10295
ENSMUST00000235740	1283
ENSMUST00000213003	3140
ENSMUST00000231806	3382
ENSMUST00000211174	2447
ENSMUST00000235929	4200
ENSMUST00000227297	1426
ENSMUST00000212570	1993
ENSMUST00000236845	1655
ENSMUST00000237587	1759
ENSMUST00000236232	1082
ENSMUST00000231261	6208
ENSMUST00000225699	2455
ENSMUST00000238113	1335
ENSMUST00000235633	2068
ENSMUST00000218287	1898
ENSMUST00000218799	737
ENSMUST00000228462	5882
ENSMUST00000214444	609
ENSMUST00000210507	1785
ENSMUST00000233849	4024
ENSMUST00000230512	1728
ENSMUST00000219834	2756
ENSMUST00000234503	1991
ENSMUST00000218918	1603
ENSMUST00000226050	2745
ENSMUST00000225794	3434
ENSMUST00000239149	3453
ENSMUST00000211298	2653
ENSMUST00000214283	2342
ENSMUST00000223121	2761
ENSMUST00000237077	3008
ENSMUST00000237411	1958
ENSMUST00000234489	1423
ENSMUST00000234801	2239
ENSMUST00000209337	2681
ENSMUST00000237227	3190
ENSMUST00000223466	1175
ENSMUST00000237228	1025
ENSMUST00000233438	2130
ENSMUST00000215155	3437
ENSMUST00000237950	1046
ENSMUST00000234186	2110
ENSMUST00000234148	3078
ENSMUST00000211789	878
ENSMUST00000231904	1239
ENSMUST00000234028	1270
ENSMUST00000233143	8270
ENSMUST00000234400	5094
ENSMUST00000225726	2795
ENSMUST00000235111	1263
ENSMUST00000223752	2822
ENSMUST00000213045	3447
ENSMUST00000236742	1001
ENSMUST00000219043	985
ENSMUST00000233938	7019
ENSMUST00000231471	1215
ENSMUST00000227107	6681
ENSMUST00000230364	1603
ENSMUST00000212206	1636
ENSMUST00000237364	1194
ENSMUST00000220107	767
ENSMUST00000212829	5494
ENSMUST00000226430	5690
ENSMUST00000218417	1829
ENSMUST00000222540	7816
ENSMUST00000230221	1664
ENSMUST00000232688	5689
ENSMUST00000225834	1828
ENSMUST00000233114	1213
ENSMUST00000223285	1303
ENSMUST00000231048	1309
ENSMUST00000227410	2544
ENSMUST00000234352	1224
ENSMUST00000218343	1574
ENSMUST00000209899	1622
ENSMUST00000212684	1023
ENSMUST00000215595	1576
ENSMUST00000232949	8378
ENSMUST00000226654	2674
ENSMUST00000234479	1557
ENSMUST00000234493	11539
ENSMUST00000238368	5699
ENSMUST00000239200	11121
ENSMUST00000236890	2154
ENSMUST00000222819	3087
ENSMUST00000221613	1982
ENSMUST00000236888	719
ENSMUST00000209735	6487
ENSMUST00000212817	750
ENSMUST00000219692	6372
ENSMUST00000237245	2065
ENSMUST00000214659	3814
ENSMUST00000215574	3428
ENSMUST00000220353	2695
ENSMUST00000234922	1918
ENSMUST00000225303	4548
ENSMUST00000226072	578
ENSMUST00000234172	5290
ENSMUST00000211995	2312
ENSMUST00000225205	3038
ENSMUST00000233389	3957
ENSMUST00000228814	4093
ENSMUST00000233952	5380
ENSMUST00000209895	1408
ENSMUST00000236456	2216
ENSMUST00000224303	4672
ENSMUST00000231627	2329
ENSMUST00000234839	5218
ENSMUST00000238074	2975
ENSMUST00000234422	2626
ENSMUST00000210224	2837
ENSMUST00000233535	4127
ENSMUST00000238510	2111
ENSMUST00000221535	2215
ENSMUST00000230724	3592
ENSMUST00000230314	1271
ENSMUST00000227608	2362
ENSMUST00000222180	1845
ENSMUST00000229120	927
ENSMUST00000212243	839
ENSMUST00000237472	1138
ENSMUST00000231690	1349
ENSMUST00000221413	1804
ENSMUST00000210284	2338
ENSMUST00000220794	2694
ENSMUST00000231688	3920
ENSMUST00000219457	5512
ENSMUST00000223162	3449
ENSMUST00000235947	1590
ENSMUST00000227151	4134
ENSMUST00000218807	2051
ENSMUST00000217842	5014
ENSMUST00000228990	2030
ENSMUST00000219173	7425
ENSMUST00000233240	3517
ENSMUST00000212377	2672
ENSMUST00000233656	11393
ENSMUST00000235003	1507
ENSMUST00000219496	1143
ENSMUST00000233865	8177
ENSMUST00000219243	875
ENSMUST00000235857	1000
ENSMUST00000232705	4046
ENSMUST00000225195	5723
ENSMUST00000238887	9191
ENSMUST00000214311	1546
ENSMUST00000216081	2329
ENSMUST00000224882	7857
ENSMUST00000226690	1406
ENSMUST00000233008	8225
ENSMUST00000211009	2509
ENSMUST00000224244	2806
ENSMUST00000237305	1889
ENSMUST00000238159	5216
ENSMUST00000238730	641
ENSMUST00000225107	945
ENSMUST00000232904	9104
ENSMUST00000217583	2806
ENSMUST00000227537	4073
ENSMUST00000235941	1833
ENSMUST00000233691	1753
ENSMUST00000234917	4782
ENSMUST00000221943	4609
ENSMUST00000232780	3585
ENSMUST00000233223	4835
ENSMUST00000212789	4536
ENSMUST00000235736	1714
ENSMUST00000209425	2049
ENSMUST00000227570	3884
ENSMUST00000210106	943
ENSMUST00000236329	1580
ENSMUST00000221372	1840
ENSMUST00000222143	2119
ENSMUST00000220834	551
ENSMUST00000218305	1587
ENSMUST00000222606	2284
ENSMUST00000236647	13856
ENSMUST00000212642	1182
ENSMUST00000211870	2722
ENSMUST00000232263	3702
ENSMUST00000227022	3590
ENSMUST00000234405	1224
ENSMUST00000229571	1615
ENSMUST00000230964	3118
ENSMUST00000222193	2902
ENSMUST00000216788	4782
ENSMUST00000238133	1541
ENSMUST00000210364	4105
ENSMUST00000233641	1100
ENSMUST00000216790	1921
ENSMUST00000231362	1275
ENSMUST00000225737	680
ENSMUST00000235881	1490
ENSMUST00000223303	3730
ENSMUST00000233590	763
ENSMUST00000239499	1771
ENSMUST00000226303	1730
ENSMUST00000233167	5507
ENSMUST00000223483	1876
ENSMUST00000237039	2166
ENSMUST00000233176	1084
ENSMUST00000226785	4168
ENSMUST00000218317	2747
ENSMUST00000234778	3651
ENSMUST00000210950	3354
ENSMUST00000213787	2013
ENSMUST00000224395	9658
ENSMUST00000233546	4550
ENSMUST00000220720	3847
ENSMUST00000210824	1832
ENSMUST00000236701	2736
ENSMUST00000211797	2655
ENSMUST00000211752	3446
ENSMUST00000234385	4755
ENSMUST00000222634	2774
ENSMUST00000228761	798
ENSMUST00000233015	5671
ENSMUST00000227744	3834
ENSMUST00000233884	2254
ENSMUST00000224149	10037
ENSMUST00000230191	1478
ENSMUST00000237727	1736
ENSMUST00000216877	2236
ENSMUST00000210062	2121
ENSMUST00000219374	1852
ENSMUST00000236883	2245
ENSMUST00000225373	956
ENSMUST00000231451	1395
ENSMUST00000214042	4699
ENSMUST00000223101	2728
ENSMUST00000233411	793
ENSMUST00000236732	1035
ENSMUST00000230322	1391
ENSMUST00000233359	5199
ENSMUST00000234869	1214
ENSMUST00000220403	1092
ENSMUST00000209536	699
ENSMUST00000210708	2577
ENSMUST00000231244	2003
ENSMUST00000213464	2715
ENSMUST00000234420	4078
ENSMUST00000234368	3957
ENSMUST00000228160	1837
ENSMUST00000226107	2728
ENSMUST00000235596	2788
ENSMUST00000233622	4139
ENSMUST00000225550	2351
ENSMUST00000235652	4487
ENSMUST00000233824	8613
ENSMUST00000212061	1673
ENSMUST00000212416	3043
ENSMUST00000229012	2389
ENSMUST00000223319	2501
ENSMUST00000214961	695
ENSMUST00000212665	4591
ENSMUST00000220977	2282
ENSMUST00000238049	1637
ENSMUST00000237501	1990
ENSMUST00000234224	1549
ENSMUST00000232908	10141
ENSMUST00000226996	15612
ENSMUST00000231457	5538
ENSMUST00000213459	4192
ENSMUST00000211146	534
ENSMUST00000226214	2923
ENSMUST00000233679	1506
ENSMUST00000212897	2519
ENSMUST00000226817	2234
ENSMUST00000233732	4362
ENSMUST00000236077	1755
ENSMUST00000213955	753
ENSMUST00000224217	1904
ENSMUST00000220018	1062
ENSMUST00020183325	2830
