ENSMUST00000018343	4335
ENSMUST00000001083	825
ENSMUST00000020824	2771
ENSMUST00000005400	3205
ENSMUST00000023292	2699
ENSMUST00000021701	2829
ENSMUST00000020770	700
ENSMUST00000000228	4389
ENSMUST00000048269	1087
ENSMUST00000034940	2405
ENSMUST00000046188	2518
ENSMUST00000031158	2057
ENSMUST00000046534	2767
ENSMUST00000046334	3540
ENSMUST00000059882	2897
ENSMUST00000053298	760
ENSMUST00000069095	2027
ENSMUST00000062827	3725
ENSMUST00000075924	3451
ENSMUST00000070774	3210
ENSMUST00000075082	3239
ENSMUST00000106665	2892
ENSMUST00000109010	2893
ENSMUST00000100443	3807
ENSMUST00000081891	2506
ENSMUST00000108314	3856
ENSMUST00000106187	1228
ENSMUST00000089788	6544
ENSMUST00000107148	5988
ENSMUST00000085819	3578
ENSMUST00000096308	4351
ENSMUST00000097732	1754
ENSMUST00000114230	2884
ENSMUST00000122924	1082
ENSMUST00000122857	1997
ENSMUST00000123133	3194
ENSMUST00000123017	3545
ENSMUST00000111651	1127
ENSMUST00000123109	2237
ENSMUST00000114877	2608
ENSMUST00000123192	2730
ENSMUST00000113837	3476
ENSMUST00000121950	1445
ENSMUST00000123070	2049
ENSMUST00000122846	2186
ENSMUST00000123468	2875
ENSMUST00000109688	3980
ENSMUST00000123397	4204
ENSMUST00000122825	2285
ENSMUST00000111906	3114
ENSMUST00000123158	2413
ENSMUST00000123093	2976
ENSMUST00000122844	3156
ENSMUST00000123398	2436
ENSMUST00000123358	1853
ENSMUST00000120106	3386
ENSMUST00000123448	1718
ENSMUST00000113106	1850
ENSMUST00000111652	1087
ENSMUST00000122892	2606
ENSMUST00000123374	573
ENSMUST00000115722	3673
ENSMUST00000113452	2521
ENSMUST00000123332	2974
ENSMUST00000122817	2662
ENSMUST00000122919	4134
ENSMUST00000115633	3436
ENSMUST00000122896	3512
ENSMUST00000110805	1778
ENSMUST00000111654	3059
ENSMUST00000123026	1568
ENSMUST00000111727	4308
ENSMUST00000123322	3739
ENSMUST00000122994	1466
ENSMUST00000113107	1577
ENSMUST00000125048	3967
ENSMUST00000125693	4134
ENSMUST00000125630	1611
ENSMUST00000123602	2506
ENSMUST00000125668	719
ENSMUST00000125722	2784
ENSMUST00000125531	5252
ENSMUST00000125197	749
ENSMUST00000124870	2193
ENSMUST00000124131	3124
ENSMUST00000124446	963
ENSMUST00000123744	3238
ENSMUST00000125596	1038
ENSMUST00000123999	4492
ENSMUST00000125242	910
ENSMUST00000123670	832
ENSMUST00000124778	907
ENSMUST00000125543	2611
ENSMUST00000123755	3225
ENSMUST00000123622	2898
ENSMUST00000125064	4577
ENSMUST00000123717	4118
ENSMUST00000124467	3848
ENSMUST00000125715	703
ENSMUST00000124638	5652
ENSMUST00000124857	1931
ENSMUST00000124631	782
ENSMUST00000124969	3032
ENSMUST00000123499	1589
ENSMUST00000123804	3513
ENSMUST00000124889	727
ENSMUST00000124485	2834
ENSMUST00000125595	6025
ENSMUST00000125504	4580
ENSMUST00000124272	3976
ENSMUST00000124349	2830
ENSMUST00000123696	2709
ENSMUST00000124479	1096
ENSMUST00000124730	1348
ENSMUST00000125393	4585
ENSMUST00000123582	831
ENSMUST00000125743	3738
ENSMUST00000125024	3688
ENSMUST00000124892	3179
ENSMUST00000123756	2408
ENSMUST00000124963	813
ENSMUST00000125065	4646
ENSMUST00000124257	2851
ENSMUST00000124672	1615
ENSMUST00000125551	6476
ENSMUST00000125380	3115
ENSMUST00000125559	2729
ENSMUST00000125468	939
ENSMUST00000125290	2410
ENSMUST00000123609	1488
ENSMUST00000123893	2482
ENSMUST00000124904	1744
ENSMUST00000125859	4652
ENSMUST00000123603	767
ENSMUST00000125614	2265
ENSMUST00000124038	2057
ENSMUST00000124308	5106
ENSMUST00000124704	2643
ENSMUST00000124680	3363
ENSMUST00000125436	2491
ENSMUST00000125664	5174
ENSMUST00000123671	2860
ENSMUST00000125761	2758
ENSMUST00000124002	1359
ENSMUST00000125375	6156
ENSMUST00000124229	3201
ENSMUST00000123995	3167
ENSMUST00000125224	2546
ENSMUST00000125054	3484
ENSMUST00000125997	4435
ENSMUST00000123566	2229
ENSMUST00000124502	3948
ENSMUST00000125881	3637
ENSMUST00000123958	3932
ENSMUST00000125961	1311
ENSMUST00000124453	952
ENSMUST00000123496	3415
ENSMUST00000125784	3392
ENSMUST00000124420	1167
ENSMUST00000125849	1349
ENSMUST00000124749	2605
ENSMUST00000124520	1935
ENSMUST00000124245	1579
ENSMUST00000123706	924
ENSMUST00000125120	2380
ENSMUST00000125624	1741
ENSMUST00000127505	1927
ENSMUST00000127661	4528
ENSMUST00000128877	1688
ENSMUST00000130002	2278
ENSMUST00000128329	2367
ENSMUST00000130171	4076
ENSMUST00000126597	814
ENSMUST00000126160	3607
ENSMUST00000126320	907
ENSMUST00000127414	845
ENSMUST00000126908	890
ENSMUST00000129611	3159
ENSMUST00000127261	1873
ENSMUST00000126694	6328
ENSMUST00000128494	748
ENSMUST00000129632	3419
ENSMUST00000130495	2393
ENSMUST00000127700	3070
ENSMUST00000128146	3815
ENSMUST00000130762	745
ENSMUST00000130346	835
ENSMUST00000127043	608
ENSMUST00000126315	4034
ENSMUST00000128725	3183
ENSMUST00000130140	1838
ENSMUST00000127101	1966
ENSMUST00000126810	3251
ENSMUST00000127884	3400
ENSMUST00000126838	623
ENSMUST00000126222	5208
ENSMUST00000127123	2297
ENSMUST00000128574	4734
ENSMUST00000126341	8570
ENSMUST00000130483	487
ENSMUST00000129595	1920
ENSMUST00000126529	1335
ENSMUST00000130693	4650
ENSMUST00000128678	2330
ENSMUST00000126833	4150
ENSMUST00000130031	1604
ENSMUST00000126276	4049
ENSMUST00000127842	2743
ENSMUST00000127318	3580
ENSMUST00000131177	4239
ENSMUST00000126864	880
ENSMUST00000126383	2656
ENSMUST00000129072	3190
ENSMUST00000127082	4589
ENSMUST00000126634	2534
ENSMUST00000128044	2129
ENSMUST00000128249	10295
ENSMUST00000130651	5629
ENSMUST00000129977	2087
ENSMUST00000130579	3435
ENSMUST00000127112	1983
ENSMUST00000127212	3443
ENSMUST00000129493	2923
ENSMUST00000128067	3819
ENSMUST00000127162	4435
ENSMUST00000128802	2502
ENSMUST00000128519	1845
ENSMUST00000126197	1335
ENSMUST00000128417	1332
ENSMUST00000126576	831
ENSMUST00000129798	4388
ENSMUST00000129911	2201
ENSMUST00000126156	729
ENSMUST00000128615	1877
ENSMUST00000129310	7271
ENSMUST00000128535	3228
ENSMUST00000126813	3930
ENSMUST00000131270	3876
ENSMUST00000130125	728
ENSMUST00000131220	1136
ENSMUST00000130243	5010
ENSMUST00000128375	4808
ENSMUST00000129403	2709
ENSMUST00000126796	2904
ENSMUST00000126603	1059
ENSMUST00000127674	2382
ENSMUST00000128403	3543
ENSMUST00000128755	2573
ENSMUST00000126420	2722
ENSMUST00000128029	2576
ENSMUST00000129577	3191
ENSMUST00000130164	2404
ENSMUST00000128174	932
ENSMUST00000130277	3150
ENSMUST00000127594	2377
ENSMUST00000126954	4719
ENSMUST00000129293	3479
ENSMUST00000129686	2167
ENSMUST00000128758	936
ENSMUST00000127548	970
ENSMUST00000128803	3385
ENSMUST00000131039	3561
ENSMUST00000126683	4956
ENSMUST00000127163	2580
ENSMUST00000127543	2561
ENSMUST00000129163	3340
ENSMUST00000130072	2767
ENSMUST00000131255	2782
ENSMUST00000129134	867
ENSMUST00000130520	1530
ENSMUST00000126874	1552
ENSMUST00000126802	3247
ENSMUST00000130738	2119
ENSMUST00000127914	2386
ENSMUST00000129380	845
ENSMUST00000129424	3689
ENSMUST00000128332	3669
ENSMUST00000128015	5511
ENSMUST00000128074	1729
ENSMUST00000128685	2489
ENSMUST00000128910	1694
ENSMUST00000127470	2234
ENSMUST00000129271	4246
ENSMUST00000131107	2454
ENSMUST00000131020	1173
ENSMUST00000129346	1674
ENSMUST00000130669	2614
ENSMUST00000128108	2614
ENSMUST00000128629	709
ENSMUST00000127766	598
ENSMUST00000130489	3425
ENSMUST00000128621	2613
ENSMUST00000126158	4542
ENSMUST00000126991	845
ENSMUST00000130081	2336
ENSMUST00000129453	2228
ENSMUST00000127882	3274
ENSMUST00000131015	2561
ENSMUST00000131069	3563
ENSMUST00000130969	3781
ENSMUST00000130170	1322
ENSMUST00000130624	4049
ENSMUST00000130528	3968
ENSMUST00000130056	2114
ENSMUST00000128908	2580
ENSMUST00000130883	2780
ENSMUST00000127723	5599
ENSMUST00000128582	5607
ENSMUST00000126136	1573
ENSMUST00000128851	4909
ENSMUST00000129985	2805
ENSMUST00000128069	1497
ENSMUST00000129917	1790
ENSMUST00000128023	542
ENSMUST00000129784	974
ENSMUST00000126178	2313
ENSMUST00000128339	2310
ENSMUST00000126819	2489
ENSMUST00000128746	5676
ENSMUST00000129672	8193
ENSMUST00000127401	2807
ENSMUST00000128427	3540
ENSMUST00000129251	1779
ENSMUST00000129151	2127
ENSMUST00000127009	4187
ENSMUST00000130116	5206
ENSMUST00000130283	5029
ENSMUST00000127473	2271
ENSMUST00000129276	3311
ENSMUST00000133551	712
ENSMUST00000139078	1014
ENSMUST00000138126	2916
ENSMUST00000139963	1189
ENSMUST00000133783	2919
ENSMUST00000140370	2026
ENSMUST00000133994	2296
ENSMUST00000136123	1298
ENSMUST00000137050	4080
ENSMUST00000135417	2412
ENSMUST00000137009	1628
ENSMUST00000135662	2076
ENSMUST00000141115	11590
ENSMUST00000140358	3874
ENSMUST00000138993	1638
ENSMUST00000134309	3975
ENSMUST00000138918	2658
ENSMUST00000138746	3496
ENSMUST00000133285	3128
ENSMUST00000131788	3426
ENSMUST00000133453	529
ENSMUST00000132305	3550
ENSMUST00000137513	4409
ENSMUST00000139555	3841
ENSMUST00000138568	3299
ENSMUST00000138214	908
ENSMUST00000137633	2969
ENSMUST00000141055	3055
ENSMUST00000140860	3258
ENSMUST00000134380	4240
ENSMUST00000132445	1086
ENSMUST00000133016	4543
ENSMUST00000137484	984
ENSMUST00000137499	5037
ENSMUST00000138648	899
ENSMUST00000131354	2374
ENSMUST00000133230	3203
ENSMUST00000136379	2621
ENSMUST00000133263	1566
ENSMUST00000133547	2733
ENSMUST00000137214	1170
ENSMUST00000137648	2160
ENSMUST00000138598	3250
ENSMUST00000141201	2615
ENSMUST00000140856	2822
ENSMUST00000132193	1112
ENSMUST00000132702	1899
ENSMUST00000140879	2651
ENSMUST00000136029	3696
ENSMUST00000135199	3463
ENSMUST00000133552	1692
ENSMUST00000133035	707
ENSMUST00000134822	2753
ENSMUST00000139947	2411
ENSMUST00000134125	5095
ENSMUST00000134233	3201
ENSMUST00000137788	2343
ENSMUST00000137834	861
ENSMUST00000132234	3480
ENSMUST00000131769	3594
ENSMUST00000135516	2373
ENSMUST00000139608	4448
ENSMUST00000135111	671
ENSMUST00000132088	4475
ENSMUST00000134647	2832
ENSMUST00000135119	3144
ENSMUST00000131529	6639
ENSMUST00000140500	747
ENSMUST00000135344	3057
ENSMUST00000140551	4488
ENSMUST00000137240	3449
ENSMUST00000137483	2961
ENSMUST00000138005	1709
ENSMUST00000138263	4868
ENSMUST00000135760	2189
ENSMUST00000139066	4220
ENSMUST00000140391	5016
ENSMUST00000134742	2228
ENSMUST00000135000	2747
ENSMUST00000135227	1662
ENSMUST00000133032	2670
ENSMUST00000137581	6107
ENSMUST00000134100	959
ENSMUST00000133540	5130
ENSMUST00000132863	1861
ENSMUST00000140712	4369
ENSMUST00000133175	4260
ENSMUST00000136304	754
ENSMUST00000137298	1638
ENSMUST00000132006	1846
ENSMUST00000132188	1398
ENSMUST00000134854	2847
ENSMUST00000139071	4233
ENSMUST00000140187	3811
ENSMUST00000141054	3224
ENSMUST00000137347	2914
ENSMUST00000135164	1177
ENSMUST00000134111	2895
ENSMUST00000132372	3906
ENSMUST00000140482	3496
ENSMUST00000132612	6227
ENSMUST00000140641	1543
ENSMUST00000136121	3068
ENSMUST00000136868	1626
ENSMUST00000137325	3200
ENSMUST00000136855	3448
ENSMUST00000137157	1713
ENSMUST00000140017	770
ENSMUST00000140602	3264
ENSMUST00000141125	2085
ENSMUST00000131751	3583
ENSMUST00000136885	2728
ENSMUST00000131759	3210
ENSMUST00000141357	2932
ENSMUST00000132085	4192
ENSMUST00000137149	2743
ENSMUST00000131827	570
ENSMUST00000138116	2580
ENSMUST00000133592	564
ENSMUST00000136297	2343
ENSMUST00000139721	1993
ENSMUST00000131906	1692
ENSMUST00000135305	2688
ENSMUST00000138752	4518
ENSMUST00000133801	889
ENSMUST00000138149	2384
ENSMUST00000141260	1188
ENSMUST00000137641	3780
ENSMUST00000138584	4909
ENSMUST00000134235	3018
ENSMUST00000133850	1615
ENSMUST00000140314	1938
ENSMUST00000137300	2636
ENSMUST00000134520	1115
ENSMUST00000131831	4631
ENSMUST00000132877	1596
ENSMUST00000133849	1673
ENSMUST00000132684	2506
ENSMUST00000139072	1095
ENSMUST00000136997	569
ENSMUST00000131887	4480
ENSMUST00000132025	3213
ENSMUST00000135560	1156
ENSMUST00000134865	4088
ENSMUST00000140236	895
ENSMUST00000140835	2470
ENSMUST00000137101	2967
ENSMUST00000140680	2047
ENSMUST00000139178	1085
ENSMUST00000133554	2928
ENSMUST00000139368	748
ENSMUST00000133421	985
ENSMUST00000133141	3218
ENSMUST00000134509	3396
ENSMUST00000137953	3647
ENSMUST00000138038	2195
ENSMUST00000134932	1950
ENSMUST00000131463	5399
ENSMUST00000138512	854
ENSMUST00000133785	2858
ENSMUST00000140725	3133
ENSMUST00000133187	2735
ENSMUST00000140565	3901
ENSMUST00000137219	2433
ENSMUST00000134085	1698
ENSMUST00000139489	2717
ENSMUST00000132966	2563
ENSMUST00000133511	2022
ENSMUST00000133696	5086
ENSMUST00000131511	2726
ENSMUST00000140789	5796
ENSMUST00000137284	1853
ENSMUST00000140004	3553
ENSMUST00000136664	2711
ENSMUST00000141217	1597
ENSMUST00000134124	1079
ENSMUST00000131721	4114
ENSMUST00000136597	809
ENSMUST00000139997	3476
ENSMUST00000131607	5017
ENSMUST00000132436	3574
ENSMUST00000136145	1118
ENSMUST00000134255	1868
ENSMUST00000141079	4266
ENSMUST00000133893	3611
ENSMUST00000132723	1884
ENSMUST00000135418	4090
ENSMUST00000131741	3025
ENSMUST00000131863	1991
ENSMUST00000132080	3487
ENSMUST00000136254	2735
ENSMUST00000139847	1759
ENSMUST00000140637	417
ENSMUST00000140647	3087
ENSMUST00000132225	1490
ENSMUST00000136832	2643
ENSMUST00000132777	4304
ENSMUST00000136459	2340
ENSMUST00000138473	3964
ENSMUST00000138917	2350
ENSMUST00000136558	4672
ENSMUST00000135139	760
ENSMUST00000140125	2714
ENSMUST00000134462	1372
ENSMUST00000133416	3797
ENSMUST00000132507	2031
ENSMUST00000136385	6924
ENSMUST00000135768	2144
ENSMUST00000131327	2350
ENSMUST00000133575	1176
ENSMUST00000139908	2723
ENSMUST00000134937	5236
ENSMUST00000138357	1338
ENSMUST00000131496	2701
ENSMUST00000133538	4314
ENSMUST00000137694	1605
ENSMUST00000134834	4063
ENSMUST00000135839	2475
ENSMUST00000133640	1463
ENSMUST00000138822	3168
ENSMUST00000137766	620
ENSMUST00000140972	2683
ENSMUST00000131659	3542
ENSMUST00000139572	3863
ENSMUST00000136816	5935
ENSMUST00000137474	2360
ENSMUST00000131894	2665
ENSMUST00000137256	4426
ENSMUST00000134804	768
ENSMUST00000140378	3679
ENSMUST00000133023	2876
ENSMUST00000140193	3047
ENSMUST00000133305	2971
ENSMUST00000134148	1326
ENSMUST00000132976	3139
ENSMUST00000135906	2117
ENSMUST00000137095	1458
ENSMUST00000134728	2835
ENSMUST00000140487	4781
ENSMUST00000139279	2666
ENSMUST00000138065	3699
ENSMUST00000139332	2558
ENSMUST00000138938	1864
ENSMUST00000134315	3635
ENSMUST00000136605	3381
ENSMUST00000137829	677
ENSMUST00000132989	2609
ENSMUST00000133903	4939
ENSMUST00000139350	5835
ENSMUST00000136631	3261
ENSMUST00000133544	4775
ENSMUST00000133625	1925
ENSMUST00000140739	2340
ENSMUST00000140933	3045
ENSMUST00000135635	3766
ENSMUST00000137408	3395
ENSMUST00000134329	2444
ENSMUST00000136712	4288
ENSMUST00000139717	4625
ENSMUST00000138343	2780
ENSMUST00000134142	3856
ENSMUST00000135754	2932
ENSMUST00000135540	994
ENSMUST00000137932	4355
ENSMUST00000131939	1902
ENSMUST00000139333	3657
ENSMUST00000138456	2984
ENSMUST00000133775	4751
ENSMUST00000139375	1274
ENSMUST00000138717	4004
ENSMUST00000134090	3154
ENSMUST00000135638	10435
ENSMUST00000137615	3166
ENSMUST00000133733	821
ENSMUST00000138408	877
ENSMUST00000139052	4999
ENSMUST00000131760	3310
ENSMUST00000138862	2323
ENSMUST00000141001	1690
ENSMUST00000134010	3645
ENSMUST00000136937	3878
ENSMUST00000137717	2761
ENSMUST00000135484	1570
ENSMUST00000136559	3254
ENSMUST00000134609	3456
ENSMUST00000135833	889
ENSMUST00000134912	2863
ENSMUST00000141175	2957
ENSMUST00000136976	1845
ENSMUST00000140085	2792
ENSMUST00000136706	4561
ENSMUST00000136041	5085
ENSMUST00000139824	3963
ENSMUST00000137287	4760
ENSMUST00000137098	3011
ENSMUST00000137806	2511
ENSMUST00000133854	2479
ENSMUST00000131726	2023
ENSMUST00000136900	3786
ENSMUST00000137296	3293
ENSMUST00000139950	3947
ENSMUST00000135711	2125
ENSMUST00000140408	7441
ENSMUST00000135312	4644
ENSMUST00000133184	2797
ENSMUST00000133541	2582
ENSMUST00000132577	3248
ENSMUST00000136765	2203
ENSMUST00000137082	1221
ENSMUST00000141237	2250
ENSMUST00000132258	1055
ENSMUST00000138162	2717
ENSMUST00000132174	4525
ENSMUST00000133535	2358
ENSMUST00000140280	2120
ENSMUST00000131980	3653
ENSMUST00000137177	2772
ENSMUST00000140025	3341
ENSMUST00000134139	2423
ENSMUST00000136251	1337
ENSMUST00000137819	2149
ENSMUST00000134141	3469
ENSMUST00000134536	2649
ENSMUST00000131744	3991
ENSMUST00000139654	949
ENSMUST00000140433	3625
ENSMUST00000131408	2258
ENSMUST00000134591	2400
ENSMUST00000136968	2732
ENSMUST00000136626	2345
ENSMUST00000133695	3458
ENSMUST00000140974	3970
ENSMUST00000138733	2424
ENSMUST00000135377	4987
ENSMUST00000140184	1041
ENSMUST00000138939	3075
ENSMUST00000134923	2136
ENSMUST00000139128	3097
ENSMUST00000135697	3341
ENSMUST00000132277	3007
ENSMUST00000139448	2678
ENSMUST00000135886	2732
ENSMUST00000132340	4784
ENSMUST00000141049	1618
ENSMUST00000140931	2369
ENSMUST00000133162	2031
ENSMUST00000132962	3758
ENSMUST00000133112	5756
ENSMUST00000134523	4143
ENSMUST00000137025	787
ENSMUST00000135384	2546
ENSMUST00000134295	2299
ENSMUST00000135762	4186
ENSMUST00000134839	3053
ENSMUST00000133708	3189
ENSMUST00000140905	4817
ENSMUST00000133093	2560
ENSMUST00000135608	1157
ENSMUST00000135229	5703
ENSMUST00000137587	1453
ENSMUST00000141230	3056
ENSMUST00000138242	1918
ENSMUST00000138646	2822
ENSMUST00000131909	1406
ENSMUST00000140250	2179
ENSMUST00000135559	2868
ENSMUST00000131688	3379
ENSMUST00000131950	2293
ENSMUST00000150725	4003
ENSMUST00000161285	2704
ENSMUST00000144970	3888
ENSMUST00000147085	3379
ENSMUST00000160280	857
ENSMUST00000144995	3774
ENSMUST00000147797	2419
ENSMUST00000156906	1183
ENSMUST00000152890	2792
ENSMUST00000144751	2055
ENSMUST00000159745	3232
ENSMUST00000153088	4008
ENSMUST00000152529	3897
ENSMUST00000147220	2703
ENSMUST00000147360	2637
ENSMUST00000149165	4291
ENSMUST00000150355	2199
ENSMUST00000148165	1888
ENSMUST00000150764	3486
ENSMUST00000143076	2156
ENSMUST00000150962	3751
ENSMUST00000159534	3566
ENSMUST00000144953	1791
ENSMUST00000163603	1513
ENSMUST00000145133	2869
ENSMUST00000152251	3531
ENSMUST00000146453	5117
ENSMUST00000142187	917
ENSMUST00000159374	3835
ENSMUST00000159480	1236
ENSMUST00000149665	2031
ENSMUST00000153416	3763
ENSMUST00000156060	5695
ENSMUST00000146311	2497
ENSMUST00000148085	1655
ENSMUST00000144447	3792
ENSMUST00000145138	3603
ENSMUST00000153663	3032
ENSMUST00000146989	4002
ENSMUST00000159689	3281
ENSMUST00000156246	2478
ENSMUST00000161783	2262
ENSMUST00000159432	5320
ENSMUST00000149085	2552
ENSMUST00000162091	2207
ENSMUST00000156299	2080
ENSMUST00000161311	2058
ENSMUST00000159908	742
ENSMUST00000149658	7514
ENSMUST00000156845	1914
ENSMUST00000149055	2891
ENSMUST00000148040	3273
ENSMUST00000155187	898
ENSMUST00000154049	3585
ENSMUST00000156725	6769
ENSMUST00000145604	2302
ENSMUST00000156565	2797
ENSMUST00000154581	3444
ENSMUST00000151572	1421
ENSMUST00000149082	2908
ENSMUST00000152540	2612
ENSMUST00000156330	7248
ENSMUST00000146298	869
ENSMUST00000147806	1589
ENSMUST00000147978	2473
ENSMUST00000150090	4179
ENSMUST00000149417	7787
ENSMUST00000156962	1988
ENSMUST00000147112	855
ENSMUST00000161537	4925
ENSMUST00000151943	2769
ENSMUST00000160367	3546
ENSMUST00000144228	4137
ENSMUST00000160790	3326
ENSMUST00000155131	3314
ENSMUST00000150048	1150
ENSMUST00000144145	4123
ENSMUST00000151938	2521
ENSMUST00000151065	2418
ENSMUST00000161765	4288
ENSMUST00000154492	4226
ENSMUST00000159478	3195
ENSMUST00000142577	4918
ENSMUST00000159571	2806
ENSMUST00000143438	2403
ENSMUST00000147909	2742
ENSMUST00000152723	3030
ENSMUST00000141539	3286
ENSMUST00000149497	1486
ENSMUST00000143704	4423
ENSMUST00000153164	2706
ENSMUST00000155277	4006
ENSMUST00000160683	1027
ENSMUST00000151517	4266
ENSMUST00000159757	2116
ENSMUST00000155368	10257
ENSMUST00000144044	3619
ENSMUST00000156212	2368
ENSMUST00000141942	6157
ENSMUST00000155565	4267
ENSMUST00000154477	1905
ENSMUST00000153233	913
ENSMUST00000147278	2960
ENSMUST00000142269	4456
ENSMUST00000143085	2963
ENSMUST00000159140	8638
ENSMUST00000146428	2196
ENSMUST00000147733	644
ENSMUST00000148628	2573
ENSMUST00000155558	6098
ENSMUST00000149404	1272
ENSMUST00000159575	3422
ENSMUST00000147790	2471
ENSMUST00000144666	2724
ENSMUST00000161672	1613
ENSMUST00000147367	828
ENSMUST00000152603	3311
ENSMUST00000149905	4930
ENSMUST00000147245	3224
ENSMUST00000156561	2937
ENSMUST00000147273	2971
ENSMUST00000147748	895
ENSMUST00000156721	3645
ENSMUST00000146001	4548
ENSMUST00000147397	3222
ENSMUST00000159682	1886
ENSMUST00000152792	5621
ENSMUST00000149051	4035
ENSMUST00000159449	622
ENSMUST00000159807	4177
ENSMUST00000142481	3573
ENSMUST00000151036	3482
ENSMUST00000161791	4258
ENSMUST00000151971	2589
ENSMUST00000144687	1358
ENSMUST00000148426	3130
ENSMUST00000143456	3406
ENSMUST00000152156	3761
ENSMUST00000141717	3269
ENSMUST00000147022	4617
ENSMUST00000155953	1590
ENSMUST00000155827	1804
ENSMUST00000145470	698
ENSMUST00000146032	2642
ENSMUST00000161754	2973
ENSMUST00000148191	6361
ENSMUST00000154826	2934
ENSMUST00000160153	4017
ENSMUST00000154324	1643
ENSMUST00000144805	3947
ENSMUST00000147828	3891
ENSMUST00000144253	2471
ENSMUST00000143683	618
ENSMUST00000148410	647
ENSMUST00000151742	4117
ENSMUST00000144969	3132
ENSMUST00000156896	4111
ENSMUST00000149541	5418
ENSMUST00000153176	2456
ENSMUST00000149161	1185
ENSMUST00000155512	2281
ENSMUST00000151600	2803
ENSMUST00000142173	4448
ENSMUST00000141542	2365
ENSMUST00000156003	3889
ENSMUST00000144816	1669
ENSMUST00000150605	2983
ENSMUST00000147549	2088
ENSMUST00000154289	836
ENSMUST00000142570	961
ENSMUST00000149490	3233
ENSMUST00000142135	3789
ENSMUST00000159898	3712
ENSMUST00000146436	4170
ENSMUST00000149828	2722
ENSMUST00000145783	4243
ENSMUST00000150641	4065
ENSMUST00000151409	517
ENSMUST00000163395	3082
ENSMUST00000160333	2240
ENSMUST00000150923	2316
ENSMUST00000154804	3236
ENSMUST00000151894	8681
ENSMUST00000142101	4080
ENSMUST00000142506	3943
ENSMUST00000154436	3226
ENSMUST00000155680	3067
ENSMUST00000160767	2940
ENSMUST00000156215	3230
ENSMUST00000142072	2189
ENSMUST00000153957	2052
ENSMUST00000148151	3567
ENSMUST00000160092	1788
ENSMUST00000156328	2288
ENSMUST00000148054	2317
ENSMUST00000163553	1993
ENSMUST00000143830	3514
ENSMUST00000160155	2548
ENSMUST00000145857	4110
ENSMUST00000149478	6217
ENSMUST00000151957	4981
ENSMUST00000162580	3495
ENSMUST00000162909	4252
ENSMUST00000151037	3344
ENSMUST00000142281	1837
ENSMUST00000147894	5946
ENSMUST00000150103	1022
ENSMUST00000144328	1077
ENSMUST00000160168	6429
ENSMUST00000150783	2681
ENSMUST00000152102	2850
ENSMUST00000148814	2678
ENSMUST00000143457	3284
ENSMUST00000151410	4348
ENSMUST00000154145	3981
ENSMUST00000155918	3970
ENSMUST00000155848	3695
ENSMUST00000142648	2756
ENSMUST00000154340	1417
ENSMUST00000160720	3453
ENSMUST00000144298	4104
ENSMUST00000146382	2296
ENSMUST00000147028	1573
ENSMUST00000150020	3710
ENSMUST00000147780	1834
ENSMUST00000155890	3264
ENSMUST00000161912	3458
ENSMUST00000142518	3729
ENSMUST00000150391	2056
ENSMUST00000159082	3935
ENSMUST00000154382	4731
ENSMUST00000142568	2518
ENSMUST00000161673	4658
ENSMUST00000146330	1878
ENSMUST00000149651	4209
ENSMUST00000144589	865
ENSMUST00000159909	2916
ENSMUST00000152337	711
ENSMUST00000149272	3452
ENSMUST00000160668	2508
ENSMUST00000151404	835
ENSMUST00000143466	3364
ENSMUST00000147822	3467
ENSMUST00000150644	2233
ENSMUST00000161352	488
ENSMUST00000156002	896
ENSMUST00000161489	558
ENSMUST00000163038	4409
ENSMUST00000160402	639
ENSMUST00000154048	4387
ENSMUST00000152493	2997
ENSMUST00000153386	2884
ENSMUST00000153334	2775
ENSMUST00000156559	1909
ENSMUST00000144792	2782
ENSMUST00000161299	4012
ENSMUST00000150808	692
ENSMUST00000144391	988
ENSMUST00000160053	811
ENSMUST00000153939	4005
ENSMUST00000150706	1804
ENSMUST00000144522	3838
ENSMUST00000150213	3643
ENSMUST00000143487	3729
ENSMUST00000148822	2231
ENSMUST00000156406	2590
ENSMUST00000144964	3383
ENSMUST00000146075	3897
ENSMUST00000162797	2445
ENSMUST00000153000	4821
ENSMUST00000148036	2792
ENSMUST00000155555	4552
ENSMUST00000146776	585
ENSMUST00000155324	4684
ENSMUST00000147233	2584
ENSMUST00000153733	2168
ENSMUST00000156336	2858
ENSMUST00000148971	909
ENSMUST00000145680	3869
ENSMUST00000162549	1164
ENSMUST00000154768	448
ENSMUST00000142724	883
ENSMUST00000151068	2821
ENSMUST00000150810	1120
ENSMUST00000154003	3302
ENSMUST00000145447	2373
ENSMUST00000160036	5386
ENSMUST00000150001	1523
ENSMUST00000153532	1755
ENSMUST00000161157	4286
ENSMUST00000160586	6448
ENSMUST00000145850	1975
ENSMUST00000153779	1112
ENSMUST00000146008	3062
ENSMUST00000147863	5017
ENSMUST00000142770	4187
ENSMUST00000149685	2804
ENSMUST00000159974	4189
ENSMUST00000156907	2042
ENSMUST00000147898	2342
ENSMUST00000142041	5420
ENSMUST00000145776	4918
ENSMUST00000162475	3969
ENSMUST00000149203	3915
ENSMUST00000149960	3976
ENSMUST00000142213	2781
ENSMUST00000162169	2344
ENSMUST00000150672	2993
ENSMUST00000150921	5216
ENSMUST00000143036	5089
ENSMUST00000156312	3423
ENSMUST00000160349	3139
ENSMUST00000156626	2114
ENSMUST00000144784	2843
ENSMUST00000142415	1041
ENSMUST00000162760	2981
ENSMUST00000146802	3325
ENSMUST00000155514	1250
ENSMUST00000149852	3769
ENSMUST00000145313	3350
ENSMUST00000151333	2339
ENSMUST00000159154	3330
ENSMUST00000146166	1791
ENSMUST00000162654	4015
ENSMUST00000149720	2712
ENSMUST00000151980	2753
ENSMUST00000155488	2994
ENSMUST00000145673	5489
ENSMUST00000162939	3161
ENSMUST00000150225	1139
ENSMUST00000161928	2875
ENSMUST00000141432	1630
ENSMUST00000154707	4635
ENSMUST00000142406	2783
ENSMUST00000145330	1052
ENSMUST00000147510	2806
ENSMUST00000154546	2221
ENSMUST00000156078	4705
ENSMUST00000148168	3000
ENSMUST00000155087	3226
ENSMUST00000160986	9830
ENSMUST00000146666	1825
ENSMUST00000154536	5693
ENSMUST00000148267	1743
ENSMUST00000146212	4845
ENSMUST00000144890	2163
ENSMUST00000141480	730
ENSMUST00000152751	6509
ENSMUST00000154322	3898
ENSMUST00000147309	3350
ENSMUST00000149740	693
ENSMUST00000155744	1922
ENSMUST00000160090	2464
ENSMUST00000143178	7982
ENSMUST00000152427	3751
ENSMUST00000146731	2551
ENSMUST00000141645	4132
ENSMUST00000151488	1570
ENSMUST00000152503	4291
ENSMUST00000149936	3158
ENSMUST00000144443	932
ENSMUST00000141962	2858
ENSMUST00000149718	3347
ENSMUST00000147961	1982
ENSMUST00000160437	2971
ENSMUST00000143794	4083
ENSMUST00000152967	3200
ENSMUST00000148295	662
ENSMUST00000152894	4448
ENSMUST00000161129	3001
ENSMUST00000142183	2610
ENSMUST00000149969	2673
ENSMUST00000160447	2781
ENSMUST00000145260	2459
ENSMUST00000150022	2980
ENSMUST00000151724	689
ENSMUST00000150654	1985
ENSMUST00000142542	4523
ENSMUST00000159080	2764
ENSMUST00000162929	1572
ENSMUST00000151644	1391
ENSMUST00000154938	1872
ENSMUST00000148407	7442
ENSMUST00000143422	2780
ENSMUST00000145036	5223
ENSMUST00000151354	1823
ENSMUST00000142771	3296
ENSMUST00000145544	2120
ENSMUST00000160632	651
ENSMUST00000148961	3114
ENSMUST00000153230	3573
ENSMUST00000156184	3274
ENSMUST00000159423	3411
ENSMUST00000152694	2673
ENSMUST00000161113	4669
ENSMUST00000152275	3486
ENSMUST00000142220	4173
ENSMUST00000152689	3043
ENSMUST00000156154	3002
ENSMUST00000145159	3208
ENSMUST00000156128	3889
ENSMUST00000150854	3003
ENSMUST00000154062	5561
ENSMUST00000154439	1714
ENSMUST00000142786	5336
ENSMUST00000150684	2303
ENSMUST00000144869	655
ENSMUST00000150280	995
ENSMUST00000142812	2876
ENSMUST00000162392	4052
ENSMUST00000142153	3414
ENSMUST00000145478	749
ENSMUST00000156931	4865
ENSMUST00000143048	5494
ENSMUST00000154829	2512
ENSMUST00000161543	2960
ENSMUST00000145396	2246
ENSMUST00000154590	6199
ENSMUST00000143965	890
ENSMUST00000146757	1462
ENSMUST00000143481	722
ENSMUST00000148131	3757
ENSMUST00000153103	4329
ENSMUST00000144748	2286
ENSMUST00000162930	3555
ENSMUST00000147430	655
ENSMUST00000142471	3993
ENSMUST00000143873	4749
ENSMUST00000160506	3093
ENSMUST00000147561	2169
ENSMUST00000155824	2853
ENSMUST00000143680	4717
ENSMUST00000153608	735
ENSMUST00000160553	978
ENSMUST00000144654	2183
ENSMUST00000151002	3010
ENSMUST00000146140	3278
ENSMUST00000150734	7063
ENSMUST00000160498	4278
ENSMUST00000153638	4413
ENSMUST00000163478	2719
ENSMUST00000149781	7759
ENSMUST00000145088	3385
ENSMUST00000160131	1080
ENSMUST00000151660	1761
ENSMUST00000145720	2108
ENSMUST00000159483	4456
ENSMUST00000153518	2148
ENSMUST00000147026	2086
ENSMUST00000153568	2646
ENSMUST00000153365	4529
ENSMUST00000148789	2686
ENSMUST00000143657	930
ENSMUST00000149422	2992
ENSMUST00000161780	708
ENSMUST00000151530	4900
ENSMUST00000160928	4215
ENSMUST00000141919	6453
ENSMUST00000145350	1119
ENSMUST00000147127	5212
ENSMUST00000144945	2861
ENSMUST00000147223	2893
ENSMUST00000162758	1002
ENSMUST00000149254	3033
ENSMUST00000153446	2778
ENSMUST00000152332	2617
ENSMUST00000145702	1074
ENSMUST00000142531	2970
ENSMUST00000143056	2146
ENSMUST00000149645	3016
ENSMUST00000148650	3460
ENSMUST00000162328	1338
ENSMUST00000143946	775
ENSMUST00000145193	3545
ENSMUST00000149764	867
ENSMUST00000152882	2490
ENSMUST00000152256	1182
ENSMUST00000145140	2328
ENSMUST00000161019	3941
ENSMUST00000149494	3179
ENSMUST00000142949	5189
ENSMUST00000163567	3166
ENSMUST00000152885	2450
ENSMUST00000162336	3092
ENSMUST00000144624	5213
ENSMUST00000156501	1064
ENSMUST00000144338	2290
ENSMUST00000150497	782
ENSMUST00000145629	3831
ENSMUST00000147827	3543
ENSMUST00000161357	3529
ENSMUST00000148060	3300
ENSMUST00000144744	1918
ENSMUST00000149437	3223
ENSMUST00000142743	5475
ENSMUST00000153454	3901
ENSMUST00000150241	490
ENSMUST00000154099	2388
ENSMUST00000161036	4823
ENSMUST00000141721	2568
ENSMUST00000149827	3041
ENSMUST00000145855	1606
ENSMUST00000155410	5206
ENSMUST00000143017	4107
ENSMUST00000152904	3622
ENSMUST00000161260	1957
ENSMUST00000145342	2572
ENSMUST00000147060	561
ENSMUST00000146181	1742
ENSMUST00000145121	2933
ENSMUST00000149211	4188
ENSMUST00000161956	4382
ENSMUST00000161628	908
ENSMUST00000143465	2650
ENSMUST00000160282	829
ENSMUST00000153845	2678
ENSMUST00000149843	2049
ENSMUST00000156378	760
ENSMUST00000154273	4196
ENSMUST00000156663	906
ENSMUST00000156092	4437
ENSMUST00000154235	2704
ENSMUST00000151489	6313
ENSMUST00000156698	4644
ENSMUST00000151632	2026
ENSMUST00000161760	3317
ENSMUST00000162591	5249
ENSMUST00000145231	3914
ENSMUST00000141788	903
ENSMUST00000156487	820
ENSMUST00000154790	786
ENSMUST00000148001	2595
ENSMUST00000150095	2807
ENSMUST00000147383	4131
ENSMUST00000153075	3511
ENSMUST00000153211	3292
ENSMUST00000154059	4094
ENSMUST00000143252	3559
ENSMUST00000162139	1200
ENSMUST00000141603	3642
ENSMUST00000143470	2749
ENSMUST00000147761	3529
ENSMUST00000154949	2927
ENSMUST00000148045	3278
ENSMUST00000152573	2496
ENSMUST00000162785	3607
ENSMUST00000145098	3712
ENSMUST00000156129	1742
ENSMUST00000152612	4335
ENSMUST00000147247	2042
ENSMUST00000146974	1438
ENSMUST00000152901	2357
ENSMUST00000142651	907
ENSMUST00000149907	5357
ENSMUST00000159831	2751
ENSMUST00000146136	3078
ENSMUST00000141634	6622
ENSMUST00000152865	2855
ENSMUST00000161460	3777
ENSMUST00000150757	1825
ENSMUST00000154974	1492
ENSMUST00000149660	4607
ENSMUST00000151627	2223
ENSMUST00000148952	4182
ENSMUST00000154531	2544
ENSMUST00000152580	1822
ENSMUST00000151150	4406
ENSMUST00000149675	3529
ENSMUST00000156975	2849
ENSMUST00000147660	1586
ENSMUST00000144572	2487
ENSMUST00000147264	2224
ENSMUST00000154475	1662
ENSMUST00000147582	3377
ENSMUST00000161443	3110
ENSMUST00000150668	2802
ENSMUST00000161877	3530
ENSMUST00000161169	4838
ENSMUST00000152063	2937
ENSMUST00000143039	3260
ENSMUST00000153842	4508
ENSMUST00000161014	3565
ENSMUST00000160671	6992
ENSMUST00000146169	4930
ENSMUST00000147610	6759
ENSMUST00000142226	1739
ENSMUST00000146371	1407
ENSMUST00000154684	2177
ENSMUST00000150431	1632
ENSMUST00000155647	2474
ENSMUST00000162437	5856
ENSMUST00000149108	806
ENSMUST00000146158	1010
ENSMUST00000155607	3358
ENSMUST00000143312	754
ENSMUST00000159219	3625
ENSMUST00000152022	8815
ENSMUST00000156586	3146
ENSMUST00000142182	1796
ENSMUST00000156091	879
ENSMUST00000153067	2398
ENSMUST00000155271	3273
ENSMUST00000162835	1440
ENSMUST00000162048	4014
ENSMUST00000161403	3372
ENSMUST00000144534	2659
ENSMUST00000153569	3325
ENSMUST00000161695	3187
ENSMUST00000143918	3735
ENSMUST00000159425	4177
ENSMUST00000152836	4153
ENSMUST00000149391	2746
ENSMUST00000150837	2458
ENSMUST00000149470	1755
ENSMUST00000151017	1229
ENSMUST00000142327	2923
ENSMUST00000154403	2167
ENSMUST00000153292	2553
ENSMUST00000154883	1552
ENSMUST00000162700	826
ENSMUST00000146797	3352
ENSMUST00000149057	2936
ENSMUST00000149074	2238
ENSMUST00000154550	1000
ENSMUST00000148319	3145
ENSMUST00000151546	848
ENSMUST00000156374	1909
ENSMUST00000151752	3272
ENSMUST00000145566	2438
ENSMUST00000162142	4467
ENSMUST00000144778	4289
ENSMUST00000144125	7419
ENSMUST00000156647	3089
ENSMUST00000142693	2266
ENSMUST00000154018	6251
ENSMUST00000150046	1352
ENSMUST00000144122	3551
ENSMUST00000141643	573
ENSMUST00000160222	2060
ENSMUST00000162570	3028
ENSMUST00000146068	2402
ENSMUST00000148005	4474
ENSMUST00000155083	4412
ENSMUST00000153936	3244
ENSMUST00000149537	3642
ENSMUST00000159393	3974
ENSMUST00000147268	3318
ENSMUST00000153056	2720
ENSMUST00000142332	5052
ENSMUST00000143446	2893
ENSMUST00000148706	2812
ENSMUST00000143872	2290
ENSMUST00000152611	2882
ENSMUST00000156659	805
ENSMUST00000150597	732
ENSMUST00000145201	831
ENSMUST00000146771	5736
ENSMUST00000149087	5406
ENSMUST00000156396	2037
ENSMUST00000150745	3627
ENSMUST00000146901	2593
ENSMUST00000149686	1404
ENSMUST00000141568	1582
ENSMUST00000148758	2117
ENSMUST00000146013	3696
ENSMUST00000148803	4139
ENSMUST00000143777	1569
ENSMUST00000155720	3717
ENSMUST00000160454	852
ENSMUST00000156316	3603
ENSMUST00000160913	3559
ENSMUST00000150480	3128
ENSMUST00000156997	4774
ENSMUST00000161683	4260
ENSMUST00000148634	2537
ENSMUST00000145128	3816
ENSMUST00000154249	5537
ENSMUST00000142975	3466
ENSMUST00000145743	3845
ENSMUST00000163296	1082
ENSMUST00000149856	4279
ENSMUST00000210576	5669
ENSMUST00000224360	2525
ENSMUST00000191897	1153
ENSMUST00000194405	2633
ENSMUST00000229447	609
ENSMUST00000202909	4014
ENSMUST00000221196	4059
ENSMUST00000236039	3513
ENSMUST00000194538	3680
ENSMUST00000223616	5366
ENSMUST00000235848	1550
ENSMUST00000226147	4610
ENSMUST00000176837	3116
ENSMUST00000237945	2229
ENSMUST00000194083	4197
ENSMUST00000231047	3133
ENSMUST00000208554	4819
ENSMUST00000217296	4866
ENSMUST00000204161	3564
ENSMUST00000237467	2101
ENSMUST00000226864	2713
ENSMUST00000182315	8451
ENSMUST00000176567	2749
ENSMUST00000182461	703
ENSMUST00000178809	3193
ENSMUST00000203776	3588
ENSMUST00000186422	2410
ENSMUST00000210213	2486
ENSMUST00000222957	2757
ENSMUST00000200898	3253
ENSMUST00000219883	3663
ENSMUST00000219767	1261
ENSMUST00000188944	3439
ENSMUST00000204177	3489
ENSMUST00000237280	5729
ENSMUST00000228351	4973
ENSMUST00000239505	2913
ENSMUST00000199424	6689
ENSMUST00000237726	4558
ENSMUST00000195646	2643
ENSMUST00000211542	2482
ENSMUST00000224227	2785
ENSMUST00000233241	8141
ENSMUST00000237877	1326
ENSMUST00000217823	1564
ENSMUST00000232650	690
ENSMUST00000167000	3335
ENSMUST00000212601	6789
ENSMUST00000204239	4804
ENSMUST00000228141	2103
ENSMUST00000200357	2621
ENSMUST00000222115	2543
ENSMUST00000190082	644
ENSMUST00000220402	3738
ENSMUST00000201887	1696
ENSMUST00000219531	3501
ENSMUST00000223246	4194
ENSMUST00000176526	5510
ENSMUST00000230552	3225
ENSMUST00000235221	1740
ENSMUST00000233932	11594
ENSMUST00000163708	5503
ENSMUST00000236719	2102
ENSMUST00000168704	6253
ENSMUST00000219426	5641
ENSMUST00000182039	3383
ENSMUST00000209583	582
ENSMUST00000174472	1757
ENSMUST00000184160	3265
ENSMUST00000167089	2226
ENSMUST00000188006	2279
ENSMUST00000203413	2579
ENSMUST00000236001	2258
ENSMUST00000231274	5787
ENSMUST00000182293	3749
ENSMUST00000176575	6195
ENSMUST00000176267	3369
ENSMUST00000163973	1427
ENSMUST00000215887	5412
ENSMUST00000209930	3341
ENSMUST00000179886	2945
ENSMUST00000232104	3125
ENSMUST00000223633	2438
ENSMUST00000187662	1602
ENSMUST00000182577	2460
ENSMUST00000173791	2876
ENSMUST00000223723	3580
ENSMUST00000237750	3005
ENSMUST00000237709	970
ENSMUST00000213640	3117
ENSMUST00000167159	2157
ENSMUST00000214361	5148
ENSMUST00000224864	1914
ENSMUST00000207172	1874
ENSMUST00000236906	737
ENSMUST00000237243	4516
ENSMUST00000235351	3457
ENSMUST00000177354	847
ENSMUST00000174054	2552
ENSMUST00000196405	4594
ENSMUST00000208324	2165
ENSMUST00000229792	3862
ENSMUST00000164336	4629
ENSMUST00000178218	2885
ENSMUST00000218556	882
ENSMUST00000236565	1408
ENSMUST00000174226	4119
ENSMUST00000185985	3722
ENSMUST00000210713	6623
ENSMUST00000228264	3130
ENSMUST00000221293	6904
ENSMUST00000202441	2737
ENSMUST00000164110	9395
ENSMUST00000198026	4574
ENSMUST00000172637	3731
ENSMUST00000202757	3466
ENSMUST00000206717	3444
ENSMUST00000215678	4453
ENSMUST00000236105	4381
ENSMUST00000218496	5051
ENSMUST00000231800	1790
ENSMUST00000234875	11442
ENSMUST00000213316	1454
ENSMUST00000228672	2173
ENSMUST00000212706	2860
ENSMUST00000230482	2804
ENSMUST00000211366	4008
ENSMUST00000228392	6686
ENSMUST00000233204	3557
ENSMUST00000169548	2325
ENSMUST00000170334	2063
ENSMUST00000202787	6324
ENSMUST00000192245	2478
ENSMUST00000210498	2346
ENSMUST00000236120	1724
ENSMUST00000200029	4241
ENSMUST00000221486	5655
ENSMUST00000236244	2511
ENSMUST00000215917	2383
ENSMUST00000206002	1921
ENSMUST00000235122	6672
ENSMUST00000234738	9798
ENSMUST00000238546	2221
ENSMUST00000218649	2480
ENSMUST00000229710	1791
ENSMUST00000174839	1942
ENSMUST00000190601	7236
ENSMUST00000213595	1946
ENSMUST00000185296	3431
ENSMUST00000166234	2677
ENSMUST00000209239	3521
ENSMUST00000191510	2593
ENSMUST00000220952	2136
ENSMUST00000235442	1130
ENSMUST00000213678	1818
ENSMUST00000189392	1505
ENSMUST00000234037	5394
ENSMUST00000168413	1844
ENSMUST00000234308	2084
ENSMUST00000236279	1279
ENSMUST00000226388	3833
ENSMUST00000233954	2902
ENSMUST00000166503	1438
ENSMUST00000226617	2327
ENSMUST00000166151	3407
ENSMUST00000226770	2417
ENSMUST00000172752	1027
ENSMUST00000232891	2575
ENSMUST00000207426	2144
ENSMUST00000191387	3134
ENSMUST00000213977	2317
ENSMUST00000235121	3814
ENSMUST00000213785	3305
ENSMUST00000192758	4711
ENSMUST00000210159	3116
ENSMUST00000220002	564
ENSMUST00000220462	2777
ENSMUST00000230859	1742
ENSMUST00000202363	3506
ENSMUST00000182335	3478
ENSMUST00000166800	5163
ENSMUST00000225660	2130
ENSMUST00000232684	2184
ENSMUST00000198378	2384
ENSMUST00000209161	3296
ENSMUST00000226679	2084
ENSMUST00000172755	670
ENSMUST00000172620	4645
ENSMUST00000230822	1415
ENSMUST00000208146	2433
ENSMUST00000215345	1930
ENSMUST00000229052	2148
ENSMUST00000235327	1267
ENSMUST00000231364	4601
ENSMUST00000205498	820
ENSMUST00000232847	6120
ENSMUST00000183307	6321
ENSMUST00000210733	1539
ENSMUST00000189097	1885
ENSMUST00000177024	3194
ENSMUST00000166677	3491
ENSMUST00000211488	637
ENSMUST00000169552	2936
ENSMUST00000224428	2689
ENSMUST00000232814	1304
ENSMUST00000199578	3507
ENSMUST00000186487	7334
ENSMUST00000219175	2405
ENSMUST00000199165	2010
ENSMUST00000206995	1000
ENSMUST00000237784	2093
ENSMUST00000233608	8583
ENSMUST00000237172	3791
ENSMUST00000193611	2897
ENSMUST00000207480	2717
ENSMUST00000229813	2091
ENSMUST00000202672	4302
ENSMUST00000225958	2106
ENSMUST00000232971	3145
ENSMUST00000163697	5563
ENSMUST00000175781	2539
ENSMUST00000234193	6240
ENSMUST00000212357	3281
ENSMUST00000182162	1275
ENSMUST00000193646	4457
ENSMUST00000203533	2197
ENSMUST00000216916	2534
ENSMUST00000190470	2786
ENSMUST00000198987	2905
ENSMUST00000223168	2790
ENSMUST00000220992	4020
ENSMUST00000237879	1258
ENSMUST00000212898	1860
ENSMUST00000236326	937
ENSMUST00000199278	1074
ENSMUST00000233395	11646
ENSMUST00000199869	3614
ENSMUST00000184615	894
ENSMUST00000212766	2305
ENSMUST00000200300	2630
ENSMUST00000221286	3922
ENSMUST00000211436	1186
ENSMUST00000229181	1255
ENSMUST00000188965	4056
ENSMUST00000203349	4584
ENSMUST00000230734	2615
ENSMUST00000217453	4077
ENSMUST00000200919	2066
ENSMUST00000218179	1589
ENSMUST00000176642	844
ENSMUST00000225687	4480
ENSMUST00000194253	2717
ENSMUST00000184497	5927
ENSMUST00000173510	1417
ENSMUST00000235516	884
ENSMUST00000230434	2019
ENSMUST00000222080	4015
ENSMUST00000168328	646
ENSMUST00000196518	5147
ENSMUST00000236744	740
ENSMUST00000235828	4062
ENSMUST00000210867	2677
ENSMUST00000164180	943
ENSMUST00000212768	4927
ENSMUST00000174683	8353
ENSMUST00000211974	3034
ENSMUST00000196059	1961
ENSMUST00000199968	1416
ENSMUST00000210020	4430
ENSMUST00000201393	1088
ENSMUST00000226664	2631
ENSMUST00000185984	3218
ENSMUST00000237703	1528
ENSMUST00000167670	3057
ENSMUST00000238249	2406
ENSMUST00000221923	895
ENSMUST00000225342	3354
ENSMUST00000173999	3536
ENSMUST00000212687	1041
ENSMUST00000171928	3916
ENSMUST00000179291	1998
ENSMUST00000197358	3407
ENSMUST00000237106	1484
ENSMUST00000196516	3371
ENSMUST00000229988	2716
ENSMUST00000222191	4569
ENSMUST00000207322	2114
ENSMUST00000238624	2276
ENSMUST00000223782	4288
ENSMUST00000218158	1500
ENSMUST00000225316	3966
ENSMUST00000229468	4992
ENSMUST00000173988	2394
ENSMUST00000196932	1809
ENSMUST00000212109	2874
ENSMUST00000226012	438
ENSMUST00000238191	3348
ENSMUST00000204895	1826
ENSMUST00000186418	2746
ENSMUST00000225917	1923
ENSMUST00000236513	3762
ENSMUST00000236643	1169
ENSMUST00000185759	3615
ENSMUST00000170796	2137
ENSMUST00000201569	2287
ENSMUST00000217022	2452
ENSMUST00000220560	3982
ENSMUST00000221558	3078
ENSMUST00000212958	4082
ENSMUST00000200023	4855
ENSMUST00000166143	3060
ENSMUST00000219227	4620
ENSMUST00000211606	2787
ENSMUST00000205910	606
ENSMUST00000231658	2690
ENSMUST00000213767	4569
ENSMUST00000233220	9129
ENSMUST00000224094	3860
ENSMUST00000206851	2548
ENSMUST00000209722	3119
ENSMUST00000183204	3986
ENSMUST00000221363	2584
ENSMUST00000237677	3880
ENSMUST00000234721	1961
ENSMUST00000226580	3887
ENSMUST00000224676	611
ENSMUST00000227293	2708
ENSMUST00000237181	1569
ENSMUST00000207833	2245
ENSMUST00000194199	2321
ENSMUST00000198325	3164
ENSMUST00000233062	3687
ENSMUST00000237637	2925
ENSMUST00000227462	4075
ENSMUST00000229856	2223
ENSMUST00000212784	1379
ENSMUST00000203753	1876
ENSMUST00000198977	4172
ENSMUST00000233024	9725
ENSMUST00000207555	1641
ENSMUST00000176858	3620
ENSMUST00000172960	1907
ENSMUST00000233868	6054
ENSMUST00000188942	1852
ENSMUST00000232929	8405
ENSMUST00000237316	2062
ENSMUST00000231107	3049
ENSMUST00000195579	2170
ENSMUST00000191269	3098
ENSMUST00000207281	3419
ENSMUST00000198639	2010
ENSMUST00000219986	1845
ENSMUST00000211652	3080
ENSMUST00000213015	2333
ENSMUST00000220245	2894
ENSMUST00000205691	2364
ENSMUST00000217852	799
ENSMUST00000221328	2424
ENSMUST00000203890	3589
ENSMUST00000202538	4389
ENSMUST00000233586	3720
ENSMUST00000172709	3783
ENSMUST00000208792	2472
ENSMUST00000236721	598
ENSMUST00000233238	2509
ENSMUST00000228826	2492
ENSMUST00000204694	3259
ENSMUST00000182382	2804
ENSMUST00000229353	842
ENSMUST00000231432	1810
ENSMUST00000215109	4130
ENSMUST00000235832	1268
ENSMUST00000210991	2820
ENSMUST00000204971	2208
ENSMUST00000187379	3014
ENSMUST00000236413	3083
ENSMUST00000216482	2247
ENSMUST00000198983	4377
ENSMUST00000194895	3133
ENSMUST00000235562	1830
ENSMUST00000236258	2673
ENSMUST00000203461	2268
ENSMUST00000176619	2527
ENSMUST00000225662	4502
ENSMUST00000196597	1732
ENSMUST00000227312	4762
ENSMUST00000197291	3649
ENSMUST00000213435	2864
ENSMUST00000194932	2054
ENSMUST00000175862	2136
ENSMUST00000202380	1863
ENSMUST00000227078	652
ENSMUST00000229784	2546
ENSMUST00000238129	3449
ENSMUST00000202910	3008
ENSMUST00000189884	3240
ENSMUST00000231132	3222
ENSMUST00000187324	1832
ENSMUST00000212115	4329
ENSMUST00000187175	6235
ENSMUST00000204385	1627
ENSMUST00000209797	1849
ENSMUST00000235478	3905
ENSMUST00000188032	3810
ENSMUST00000206391	2731
ENSMUST00000167718	2056
ENSMUST00000205648	8383
ENSMUST00000224936	1592
ENSMUST00000176585	2829
ENSMUST00000192875	5777
ENSMUST00000212532	676
ENSMUST00000182164	4765
ENSMUST00000224131	3713
ENSMUST00000170078	1319
ENSMUST00000214549	3049
ENSMUST00000189955	2770
ENSMUST00000196700	6322
ENSMUST00000222592	5614
ENSMUST00000233880	1200
ENSMUST00000174887	3995
ENSMUST00000220133	914
ENSMUST00000182442	2134
ENSMUST00000232417	5017
ENSMUST00000237755	1688
ENSMUST00000177541	1914
ENSMUST00000197210	1029
ENSMUST00000216095	3924
ENSMUST00000219816	858
ENSMUST00000177704	2533
ENSMUST00000201169	3841
ENSMUST00000232815	9268
ENSMUST00000226507	2826
ENSMUST00000206488	1767
ENSMUST00000194458	3063
ENSMUST00000210496	3088
ENSMUST00000194559	4136
ENSMUST00000174730	3638
ENSMUST00000220522	6987
ENSMUST00000208128	1596
ENSMUST00000207677	3181
ENSMUST00000228779	661
ENSMUST00000197006	4467
ENSMUST00000237924	3023
ENSMUST00000230837	11480
ENSMUST00000210934	2359
ENSMUST00000233440	4804
ENSMUST00000182058	4664
ENSMUST00000189323	3446
ENSMUST00000192483	3017
ENSMUST00000194499	803
ENSMUST00000225555	2478
ENSMUST00000199416	3239
ENSMUST00000210586	4893
ENSMUST00000220488	3893
ENSMUST00000177287	1586
ENSMUST00000235405	2118
ENSMUST00000212184	2497
ENSMUST00000173356	3701
ENSMUST00000212772	3972
ENSMUST00000164509	4895
ENSMUST00000214978	4130
ENSMUST00000225804	3422
ENSMUST00000234216	2428
ENSMUST00000222166	1588
ENSMUST00000222292	4316
ENSMUST00000182829	6385
ENSMUST00000226361	4270
ENSMUST00000176644	2087
ENSMUST00000224050	668
ENSMUST00000237563	1064
ENSMUST00000185473	4597
ENSMUST00000187641	4661
ENSMUST00000190377	4640
ENSMUST00000219247	2875
ENSMUST00000201107	2034
ENSMUST00000176620	4158
ENSMUST00000193628	1736
ENSMUST00000189044	5241
ENSMUST00000190922	4813
ENSMUST00000228630	4133
ENSMUST00000171651	2669
ENSMUST00000194915	2517
ENSMUST00000235165	2349
ENSMUST00000233096	14813
ENSMUST00000220798	3457
ENSMUST00000217675	1787
ENSMUST00000238491	4746
ENSMUST00000236684	1340
ENSMUST00000227655	2761
ENSMUST00000229590	4174
ENSMUST00000235786	1564
ENSMUST00000237728	2981
ENSMUST00000235501	782
ENSMUST00000217598	4569
ENSMUST00000219214	3071
ENSMUST00000236760	2872
ENSMUST00000174791	1092
ENSMUST00000176639	6057
ENSMUST00000225010	3362
ENSMUST00000173664	3055
ENSMUST00000227868	4907
ENSMUST00000219388	2920
ENSMUST00000199188	2214
ENSMUST00000224921	3113
ENSMUST00000237585	2268
ENSMUST00000236931	3142
ENSMUST00000167315	2806
ENSMUST00000194650	3576
ENSMUST00000185851	2570
ENSMUST00000229526	2274
ENSMUST00000198266	2107
ENSMUST00000190108	3507
ENSMUST00000183912	2509
ENSMUST00000233020	9549
ENSMUST00000177441	1658
ENSMUST00000230111	1904
ENSMUST00000229271	2007
ENSMUST00000236557	1234
ENSMUST00000212735	4922
ENSMUST00000235205	4183
ENSMUST00000232778	2166
ENSMUST00000230475	788
ENSMUST00000236059	862
ENSMUST00000223316	2490
ENSMUST00000210539	905
ENSMUST00000172484	3015
ENSMUST00000202951	3947
ENSMUST00000219255	4759
ENSMUST00000177122	1858
ENSMUST00000186903	4338
ENSMUST00000202323	2332
ENSMUST00000238581	2501
ENSMUST00000168914	3812
ENSMUST00000215819	5060
ENSMUST00000211540	3621
ENSMUST00000219514	4820
ENSMUST00000170850	1478
ENSMUST00000184578	2765
ENSMUST00000212731	4182
ENSMUST00000172633	3062
ENSMUST00000225763	3527
ENSMUST00000208006	2891
ENSMUST00000175820	3210
ENSMUST00000235502	1496
ENSMUST00000166408	3404
ENSMUST00000234814	652
ENSMUST00000188494	3531
ENSMUST00000202384	773
ENSMUST00000210444	3865
ENSMUST00000237103	4071
ENSMUST00000200337	3862
ENSMUST00000171140	1416
ENSMUST00000174551	3136
ENSMUST00000166688	882
ENSMUST00000208821	3867
ENSMUST00000229997	817
ENSMUST00000231009	1246
ENSMUST00000213423	2572
ENSMUST00000209487	888
ENSMUST00000212613	4490
ENSMUST00000219897	3843
ENSMUST00000232720	12623
ENSMUST00000200071	2952
ENSMUST00000203544	4152
ENSMUST00000230112	2815
ENSMUST00000186934	862
ENSMUST00000229339	6459
ENSMUST00000166853	3911
ENSMUST00000212866	6731
ENSMUST00000181062	8612
ENSMUST00000194301	4829
ENSMUST00000234988	3285
ENSMUST00000232452	3545
ENSMUST00000217824	576
ENSMUST00000176478	2341
ENSMUST00000229827	4628
ENSMUST00000223561	3122
ENSMUST00000233549	2749
ENSMUST00000231704	773
ENSMUST00000166994	953
ENSMUST00000230994	2889
ENSMUST00000166057	2843
ENSMUST00000201558	5590
ENSMUST00000214880	2341
ENSMUST00000232429	2577
ENSMUST00000184770	5742
ENSMUST00000237220	2847
ENSMUST00000232591	3541
ENSMUST00000182190	3098
ENSMUST00000226742	2820
ENSMUST00000209131	4015
ENSMUST00000201776	4054
ENSMUST00000174670	1231
ENSMUST00000235563	3706
ENSMUST00000200990	3267
ENSMUST00000181402	3380
ENSMUST00000229355	2758
ENSMUST00000213000	4202
ENSMUST00000177494	3371
ENSMUST00000197872	4836
ENSMUST00000236324	777
ENSMUST00000176796	3668
ENSMUST00000176739	3404
ENSMUST00000231098	4674
ENSMUST00000186322	4887
ENSMUST00000203174	1396
ENSMUST00000192548	5788
ENSMUST00000174161	2642
ENSMUST00000211901	2633
ENSMUST00000210791	3386
ENSMUST00000216777	3574
ENSMUST00000233082	1587
ENSMUST00000170155	4000
ENSMUST00000219539	4692
ENSMUST00000205548	2363
ENSMUST00000205449	4312
ENSMUST00000216826	2123
ENSMUST00000199207	2722
ENSMUST00000207277	3784
ENSMUST00000236921	375
ENSMUST00000201347	2442
ENSMUST00000223832	1918
ENSMUST00000227270	2094
ENSMUST00000214493	3525
ENSMUST00000173425	709
ENSMUST00000196708	6341
ENSMUST00000237949	2499
ENSMUST00000191907	3393
ENSMUST00000203359	5830
ENSMUST00000206625	3050
ENSMUST00000198808	3747
ENSMUST00000177067	1043
ENSMUST00000236009	3648
ENSMUST00000232924	3660
ENSMUST00000230436	2055
ENSMUST00000218386	2706
ENSMUST00000230513	1953
ENSMUST00000210358	621
ENSMUST00000195181	2035
ENSMUST00000229589	1814
ENSMUST00000203897	2852
ENSMUST00000181823	7878
ENSMUST00000177361	4531
ENSMUST00000233155	2274
ENSMUST00000194772	4512
ENSMUST00000207955	605
ENSMUST00000228255	1692
ENSMUST00000198793	2592
ENSMUST00000173521	3402
ENSMUST00000210506	3240
ENSMUST00000235206	1845
ENSMUST00000222705	2839
ENSMUST00000207930	4466
ENSMUST00000231058	1646
ENSMUST00000225823	3555
ENSMUST00000206636	2009
ENSMUST00000210751	5475
ENSMUST00000214951	4114
ENSMUST00000182687	2336
ENSMUST00000230352	1423
ENSMUST00000236109	2556
ENSMUST00000236026	3372
ENSMUST00000214240	998
ENSMUST00000206957	3445
ENSMUST00000231975	1623
ENSMUST00000204818	3040
ENSMUST00000226348	1923
ENSMUST00000218732	2738
ENSMUST00000212643	2235
ENSMUST00000222062	2947
ENSMUST00000223719	1810
ENSMUST00000177031	4535
ENSMUST00000173221	2375
ENSMUST00000231189	4413
ENSMUST00000206338	2330
ENSMUST00000228555	5442
ENSMUST00000188025	1781
ENSMUST00000227563	4858
ENSMUST00000238630	4591
ENSMUST00000198524	3101
ENSMUST00000166347	4814
ENSMUST00000231908	5503
ENSMUST00000191911	2420
ENSMUST00000217613	3980
ENSMUST00000173788	4209
ENSMUST00000207783	2366
ENSMUST00000234769	4176
ENSMUST00000190851	1467
ENSMUST00000191381	3969
ENSMUST00000217698	5497
ENSMUST00000236071	2719
ENSMUST00000235924	915
ENSMUST00000208765	897
ENSMUST00000233341	2445
ENSMUST00000219332	2609
ENSMUST00000207483	2697
ENSMUST00000171581	1944
ENSMUST00000219053	4004
ENSMUST00000204600	3449
ENSMUST00000193463	4566
ENSMUST00000207765	1890
ENSMUST00000235953	3724
ENSMUST00000186833	2762
ENSMUST00000230954	4356
ENSMUST00000231329	3445
ENSMUST00000171888	2044
ENSMUST00000202857	2473
ENSMUST00000191504	2640
ENSMUST00000225762	1002
ENSMUST00000232195	4012
ENSMUST00000195034	4529
ENSMUST00000185408	4022
ENSMUST00000218131	6842
ENSMUST00000174666	2422
ENSMUST00000181354	1167
ENSMUST00000233048	10586
ENSMUST00000172915	5144
ENSMUST00000170491	2433
ENSMUST00000219649	2571
ENSMUST00000235341	1476
ENSMUST00000230716	2071
ENSMUST00000223417	4478
ENSMUST00000236575	6882
ENSMUST00000185471	4982
ENSMUST00000236613	1972
ENSMUST00000191058	6011
ENSMUST00000223040	2621
ENSMUST00000228899	2153
ENSMUST00000207040	1753
ENSMUST00000172609	2901
ENSMUST00000229891	4207
ENSMUST00000212216	1894
ENSMUST00000218896	3348
ENSMUST00000224954	8956
ENSMUST00000201199	1840
ENSMUST00000179854	4345
ENSMUST00000217407	6154
ENSMUST00000211451	3585
ENSMUST00000191757	4231
ENSMUST00000196958	4396
ENSMUST00000182194	6372
ENSMUST00000206412	3586
ENSMUST00000209580	978
ENSMUST00000233977	1485
ENSMUST00000213923	2339
ENSMUST00000219995	4200
ENSMUST00000229935	5261
ENSMUST00000231498	2921
ENSMUST00000228266	3879
ENSMUST00000185743	1344
ENSMUST00000228249	4488
ENSMUST00000208846	3107
ENSMUST00000172631	4539
ENSMUST00000192230	2366
ENSMUST00000222793	945
ENSMUST00000202414	2506
ENSMUST00000201980	3097
ENSMUST00000170644	1293
ENSMUST00000220171	1795
ENSMUST00000198796	3363
ENSMUST00000195447	5227
ENSMUST00000224759	6521
ENSMUST00000212587	1475
ENSMUST00000196212	3125
ENSMUST00000172911	3143
ENSMUST00000218340	2480
ENSMUST00000235640	2503
ENSMUST00000219832	5804
ENSMUST00000219178	3966
ENSMUST00000196820	5043
ENSMUST00000221941	4117
ENSMUST00000176186	849
ENSMUST00000218109	1724
ENSMUST00000233325	7698
ENSMUST00000167447	3576
ENSMUST00000197193	3490
ENSMUST00000206660	3727
ENSMUST00000223846	2563
ENSMUST00000192551	3468
ENSMUST00000232410	3541
ENSMUST00000224489	2316
ENSMUST00000210637	4005
ENSMUST00000236023	2814
ENSMUST00000229545	1136
ENSMUST00000228449	3726
ENSMUST00000236772	1556
ENSMUST00000192166	3274
ENSMUST00000194801	2691
ENSMUST00000210051	1641
ENSMUST00000166654	2699
ENSMUST00000185676	3072
ENSMUST00000211134	1549
ENSMUST00000213758	1315
ENSMUST00000183269	4798
ENSMUST00000212967	2696
ENSMUST00000233617	5114
ENSMUST00000169736	3145
ENSMUST00000228466	5179
ENSMUST00000229416	1969
ENSMUST00000209780	3841
ENSMUST00000201487	742
ENSMUST00000212233	2149
ENSMUST00000219001	4053
ENSMUST00000172994	2860
ENSMUST00000198239	2953
ENSMUST00000171876	2007
ENSMUST00000198326	3382
ENSMUST00000211551	2391
ENSMUST00000166684	884
ENSMUST00000211103	2747
ENSMUST00000230433	1803
ENSMUST00000237761	2837
ENSMUST00000185567	2513
ENSMUST00000194026	1039
ENSMUST00000214217	4679
ENSMUST00000234301	7178
ENSMUST00000165153	2369
ENSMUST00000226236	3963
ENSMUST00000200954	2800
ENSMUST00000204365	3494
ENSMUST00000227181	3302
ENSMUST00000194802	2354
ENSMUST00000210195	719
ENSMUST00000173975	2596
ENSMUST00000213499	3744
ENSMUST00000196769	1702
ENSMUST00000182426	17063
ENSMUST00000236112	1176
ENSMUST00000212716	1568
ENSMUST00000219808	795
ENSMUST00000183131	4220
ENSMUST00000187776	2493
ENSMUST00000196998	5431
ENSMUST00000218900	3767
ENSMUST00000216501	4441
ENSMUST00000211027	4384
ENSMUST00000235191	4508
ENSMUST00000230935	752
ENSMUST00000232182	2416
ENSMUST00000192506	3289
ENSMUST00000175946	1925
ENSMUST00000209590	2330
ENSMUST00000210978	1723
ENSMUST00000232092	1627
ENSMUST00000173972	3967
ENSMUST00000225561	1296
ENSMUST00000238453	4211
ENSMUST00000199184	1841
ENSMUST00000173885	1865
ENSMUST00000205398	2053
ENSMUST00000167547	5724
ENSMUST00000173560	4780
ENSMUST00000166287	2638
ENSMUST00000224220	1204
ENSMUST00000233379	3006
ENSMUST00000221322	4153
ENSMUST00000209919	3814
ENSMUST00000226681	3695
ENSMUST00000229562	2411
ENSMUST00000199940	4057
ENSMUST00000212718	3113
ENSMUST00000235172	2277
ENSMUST00000173577	2268
ENSMUST00000201565	522
ENSMUST00000229261	1631
ENSMUST00000179635	3474
ENSMUST00000205275	5068
ENSMUST00000234506	1417
ENSMUST00000234313	2397
ENSMUST00000211379	3459
ENSMUST00000206813	2394
ENSMUST00000195408	786
ENSMUST00000206182	3943
ENSMUST00000171212	754
ENSMUST00000225088	2986
ENSMUST00000201038	2476
ENSMUST00000231278	3511
ENSMUST00000199148	2932
ENSMUST00000237310	5253
ENSMUST00000225487	3704
ENSMUST00000224486	4786
ENSMUST00000231502	726
ENSMUST00000191117	3613
ENSMUST00000200739	1299
ENSMUST00000235484	1498
ENSMUST00000205997	2928
ENSMUST00000182148	2287
ENSMUST00000171569	4049
ENSMUST00000238348	2216
ENSMUST00000235446	1228
ENSMUST00000209376	3140
ENSMUST00000188478	3740
ENSMUST00000232468	2446
ENSMUST00000190884	2477
ENSMUST00000221174	3600
ENSMUST00000178816	2504
ENSMUST00000183727	2066
ENSMUST00000204858	3383
ENSMUST00000210050	2618
ENSMUST00000230477	1697
ENSMUST00000169869	2657
ENSMUST00000214713	2937
ENSMUST00000196274	3880
ENSMUST00000223680	6689
ENSMUST00000207476	1797
ENSMUST00000229044	4618
ENSMUST00000217710	5850
ENSMUST00000208464	4545
ENSMUST00000213717	4444
ENSMUST00000166419	4403
ENSMUST00000212562	6990
ENSMUST00000191777	3120
ENSMUST00000237733	4358
ENSMUST00000182134	3063
ENSMUST00000203802	4946
ENSMUST00000219733	3433
ENSMUST00000188910	4354
ENSMUST00000220092	3782
ENSMUST00000190375	1326
ENSMUST00000221678	688
ENSMUST00000174273	2712
ENSMUST00000236993	3356
ENSMUST00000182492	1655
ENSMUST00000227922	726
ENSMUST00000212890	3261
ENSMUST00000189708	1627
ENSMUST00000232172	5671
ENSMUST00000238442	2776
ENSMUST00000200371	830
ENSMUST00000201384	7526
ENSMUST00000212719	4023
ENSMUST00000164765	863
ENSMUST00000177470	2912
ENSMUST00000217979	595
ENSMUST00000193645	4799
ENSMUST00000216060	3180
ENSMUST00000230565	747
ENSMUST00000234679	17332
ENSMUST00000231439	2161
ENSMUST00000189824	1788
ENSMUST00000196898	3323
ENSMUST00000218357	3152
ENSMUST00000176932	3674
ENSMUST00000213083	4635
ENSMUST00000164783	1932
ENSMUST00000210878	1916
ENSMUST00000239503	2313
ENSMUST00000222327	3035
ENSMUST00000238176	2085
ENSMUST00000187578	1877
ENSMUST00000232921	4066
ENSMUST00000218427	4815
ENSMUST00000212929	3474
ENSMUST00000236842	1886
ENSMUST00000238198	3506
ENSMUST00000206195	896
ENSMUST00000199451	6946
ENSMUST00000165489	2078
ENSMUST00000234552	14134
ENSMUST00000211290	3035
ENSMUST00000225892	1809
ENSMUST00000233290	2128
ENSMUST00000165329	1248
ENSMUST00000174852	3269
ENSMUST00000184805	1400
ENSMUST00000174716	3064
ENSMUST00000230283	1957
ENSMUST00000234563	1477
ENSMUST00000228604	2435
ENSMUST00000210212	4372
ENSMUST00000192916	532
ENSMUST00000202107	1504
ENSMUST00000209581	4074
ENSMUST00000199845	4293
ENSMUST00000236270	4393
ENSMUST00000165609	2559
ENSMUST00000229982	1516
ENSMUST00000212117	3387
ENSMUST00000207016	3457
ENSMUST00000238607	2595
ENSMUST00000197033	855
ENSMUST00000235132	2863
ENSMUST00000218752	820
ENSMUST00000210840	3687
ENSMUST00000205484	4131
ENSMUST00000170754	4464
ENSMUST00000233211	4153
ENSMUST00000223870	3338
ENSMUST00000218149	435
ENSMUST00000219187	4829
ENSMUST00000176799	847
ENSMUST00000233494	1597
ENSMUST00000198742	3599
ENSMUST00000199944	4243
ENSMUST00000168805	827
ENSMUST00000225994	4059
ENSMUST00000228475	4927
ENSMUST00000237911	1666
ENSMUST00000219911	3449
ENSMUST00000237798	5565
ENSMUST00000215544	3048
ENSMUST00000187963	4102
ENSMUST00000195896	1853
ENSMUST00000189362	3453
ENSMUST00000172832	4718
ENSMUST00000174381	3387
ENSMUST00000211072	1902
ENSMUST00000219381	699
ENSMUST00000187890	1044
ENSMUST00000214089	3184
ENSMUST00000202008	2274
ENSMUST00000211515	3112
ENSMUST00000230663	3398
ENSMUST00000237258	1049
ENSMUST00000171467	3222
ENSMUST00000200453	3179
ENSMUST00000197773	1337
ENSMUST00000219866	2256
ENSMUST00000230083	2144
ENSMUST00000227344	4226
ENSMUST00000212162	3354
ENSMUST00000231666	2472
ENSMUST00000235572	1171
ENSMUST00000176522	937
ENSMUST00000167645	1417
ENSMUST00000196919	3182
ENSMUST00000201202	715
ENSMUST00000182474	5645
ENSMUST00000184659	995
ENSMUST00000225222	1499
ENSMUST00000199185	2377
ENSMUST00000182163	1206
ENSMUST00000199092	6751
ENSMUST00000211936	1704
ENSMUST00000222141	6025
ENSMUST00000182373	1776
ENSMUST00000231253	2909
ENSMUST00000208064	3241
ENSMUST00000229456	4919
ENSMUST00000237609	785
ENSMUST00000207303	2932
ENSMUST00000174363	4520
ENSMUST00000228338	2076
ENSMUST00000237145	3801
ENSMUST00000230903	2904
ENSMUST00000202254	4718
ENSMUST00000228509	3829
ENSMUST00000226369	3562
ENSMUST00000234192	17381
ENSMUST00000234901	1875
ENSMUST00000225289	1806
ENSMUST00000226418	1819
ENSMUST00000225789	6815
ENSMUST00000218148	1344
ENSMUST00000169078	4086
ENSMUST00000230201	1004
ENSMUST00000236047	1707
ENSMUST00000220295	1718
ENSMUST00000233031	11667
ENSMUST00000212401	4269
ENSMUST00000175995	2234
ENSMUST00000187105	2342
ENSMUST00000226718	2302
ENSMUST00000174104	2779
ENSMUST00000230823	2028
ENSMUST00000219848	2403
ENSMUST00000231867	6155
ENSMUST00000202998	486
ENSMUST00000227818	3862
ENSMUST00000212019	795
ENSMUST00000182030	3134
ENSMUST00000220166	3769
ENSMUST00000211886	2809
ENSMUST00000198241	2211
ENSMUST00000213020	3200
ENSMUST00000166691	4287
ENSMUST00000217993	7010
ENSMUST00000202050	3746
ENSMUST00000186933	2147
ENSMUST00000207971	1257
ENSMUST00000216891	3997
ENSMUST00000176422	2383
ENSMUST00000218230	2522
ENSMUST00000213419	3934
ENSMUST00000230124	3193
ENSMUST00000216098	5418
ENSMUST00000194639	1874
ENSMUST00000207990	2186
ENSMUST00000235209	2036
ENSMUST00000228689	3758
ENSMUST00000203054	3153
ENSMUST00000191606	2664
ENSMUST00000212685	6624
ENSMUST00000232572	2385
ENSMUST00000233754	815
ENSMUST00000174589	4328
ENSMUST00000214847	1626
ENSMUST00000171378	2694
ENSMUST00000178637	3421
ENSMUST00000227600	2595
ENSMUST00000199014	1280
ENSMUST00000203290	3076
ENSMUST00000178727	2432
ENSMUST00000224354	2815
ENSMUST00000168031	1959
ENSMUST00000169462	2276
ENSMUST00000177091	3186
ENSMUST00000202207	3586
ENSMUST00000206857	3182
ENSMUST00000185449	2082
ENSMUST00000165623	2455
ENSMUST00000230372	2364
ENSMUST00000218656	2998
ENSMUST00000237834	1569
ENSMUST00000225187	1816
ENSMUST00000226178	3926
ENSMUST00000230205	2372
ENSMUST00000165733	2283
ENSMUST00000192318	3253
ENSMUST00000221006	5134
ENSMUST00020183764	686
