ENST00000206544	2284
ENST00000228345	2826
ENST00000251366	3228
ENST00000082468	3442
ENST00000237724	821
ENST00000216019	6441
ENST00000262816	3838
ENST00000264874	1988
ENST00000287463	2124
ENST00000288839	801
ENST00000289893	19141
ENST00000276110	2035
ENST00000290730	3525
ENST00000280663	5936
ENST00000311694	2734
ENST00000319198	3180
ENST00000295404	1952
ENST00000317594	1567
ENST00000314111	3726
ENST00000309900	4614
ENST00000323275	2450
ENST00000293880	6296
ENST00000303521	5438
ENST00000309862	3028
ENST00000301453	2493
ENST00000357375	3059
ENST00000366525	2851
ENST00000358476	6459
ENST00000357852	1453
ENST00000328495	3375
ENST00000361997	3237
ENST00000343376	614
ENST00000360222	3330
ENST00000343889	6453
ENST00000345541	4526
ENST00000355928	726
ENST00000357482	1947
ENST00000351010	1557
ENST00000358165	2445
ENST00000340131	1769
ENST00000325921	2442
ENST00000354485	6912
ENST00000346162	4762
ENST00000357508	2113
ENST00000356937	2275
ENST00000328249	3949
ENST00000358675	3655
ENST00000360688	1306
ENST00000358587	4677
ENST00000339403	1723
ENST00000338447	4707
ENST00000370308	2621
ENST00000376895	799
ENST00000375140	1701
ENST00000371482	2888
ENST00000392617	3780
ENST00000368298	1475
ENST00000375781	2747
ENST00000380443	1825
ENST00000376946	1013
ENST00000393811	3778
ENST00000394318	2659
ENST00000382870	3456
ENST00000368520	7918
ENST00000371720	713
ENST00000380437	5963
ENST00000375556	2081
ENST00000372427	2173
ENST00000382949	5256
ENST00000372547	2794
ENST00000367855	2422
ENST00000391694	2154
ENST00000370691	3160
ENST00000392846	2254
ENST00000378161	4370
ENST00000368669	2889
ENST00000393299	1780
ENST00000389701	1295
ENST00000382162	5250
ENST00000381760	1578
ENST00000392433	1370
ENST00000375894	1541
ENST00000368366	1962
ENST00000392357	4076
ENST00000393910	1253
ENST00000377380	894
ENST00000369580	4041
ENST00000370482	3678
ENST00000382883	5445
ENST00000377461	3325
ENST00000394321	2253
ENST00000369813	4370
ENST00000367561	2044
ENST00000373293	1629
ENST00000380853	1326
ENST00000374438	1221
ENST00000371004	4304
ENST00000395383	3229
ENST00000419007	3283
ENST00000416282	2725
ENST00000396036	3073
ENST00000398421	2354
ENST00000441149	3286
ENST00000414089	1577
ENST00000412120	1972
ENST00000433909	1157
ENST00000417736	2163
ENST00000402929	3002
ENST00000409887	3157
ENST00000404054	2771
ENST00000442885	980
ENST00000418251	5600
ENST00000416281	4493
ENST00000439861	2128
ENST00000441747	2641
ENST00000441793	1290
ENST00000409121	2232
ENST00000429300	2567
ENST00000425198	6952
ENST00000425155	2329
ENST00000433129	6883
ENST00000430612	2321
ENST00000426763	5620
ENST00000428400	3016
ENST00000413171	4488
ENST00000396522	2523
ENST00000415764	1791
ENST00000399096	4393
ENST00000431015	6563
ENST00000436031	5666
ENST00000439504	3841
ENST00000427650	1398
ENST00000419533	5583
ENST00000398632	2211
ENST00000433411	3051
ENST00000433556	567
ENST00000431593	2323
ENST00000436788	7592
ENST00000405000	6685
ENST00000395751	4653
ENST00000415938	3386
ENST00000397415	1702
ENST00000396527	1169
ENST00000429283	4332
ENST00000430608	1303
ENST00000437056	1942
ENST00000394768	11095
ENST00000441682	1520
ENST00000436595	2377
ENST00000436104	1990
ENST00000441302	3240
ENST00000424484	837
ENST00000395609	4398
ENST00000411702	6428
ENST00000421602	5116
ENST00000420692	2659
ENST00000412969	2581
ENST00000431465	1829
ENST00000441915	2710
ENST00000430781	3928
ENST00000409962	2512
ENST00000438836	2236
ENST00000425714	1188
ENST00000396655	1037
ENST00000442459	2702
ENST00000424000	1992
ENST00000422370	5943
ENST00000413142	1095
ENST00000423554	3817
ENST00000402698	1522
ENST00000441438	3084
ENST00000434033	2377
ENST00000397497	3161
ENST00000431210	2995
ENST00000436115	2879
ENST00000461059	984
ENST00000445419	3663
ENST00000461097	4930
ENST00000459850	8073
ENST00000463500	1525
ENST00000459877	7597
ENST00000463364	1625
ENST00000460359	1630
ENST00000461680	5129
ENST00000462252	3451
ENST00000460787	2306
ENST00000460853	757
ENST00000449424	2593
ENST00000461564	2751
ENST00000463435	1584
ENST00000460626	2111
ENST00000444993	1007
ENST00000462917	2170
ENST00000463137	4756
ENST00000461254	4027
ENST00000461880	1825
ENST00000461225	2726
ENST00000462255	2882
ENST00000452360	2011
ENST00000461445	3271
ENST00000461323	1792
ENST00000459648	3278
ENST00000462654	2539
ENST00000461707	3822
ENST00000463096	1105
ENST00000460293	3124
ENST00000463056	3240
ENST00000461701	2031
ENST00000463101	4938
ENST00000460906	820
ENST00000462986	1354
ENST00000460696	3967
ENST00000457909	5870
ENST00000460438	570
ENST00000462627	8964
ENST00000460500	2116
ENST00000460263	2108
ENST00000462184	1354
ENST00000461570	4569
ENST00000461257	972
ENST00000463307	1815
ENST00000462204	989
ENST00000454830	3787
ENST00000461347	3967
ENST00000462958	5141
ENST00000448973	1710
ENST00000462780	2420
ENST00000461999	2125
ENST00000460343	7286
ENST00000447683	2315
ENST00000462980	2110
ENST00000460900	1443
ENST00000462927	3667
ENST00000461757	2307
ENST00000462073	5562
ENST00000463233	2404
ENST00000460049	2672
ENST00000462379	2341
ENST00000462954	5157
ENST00000460560	2111
ENST00000462755	2000
ENST00000445289	1345
ENST00000456101	4112
ENST00000459750	3090
ENST00000444947	1048
ENST00000462344	2772
ENST00000451262	2491
ENST00000461809	3054
ENST00000460124	2639
ENST00000459720	3540
ENST00000461430	418
ENST00000463165	3038
ENST00000463129	1861
ENST00000462400	2550
ENST00000463603	655
ENST00000462039	2416
ENST00000460192	567
ENST00000448715	3589
ENST00000463548	783
ENST00000459982	1231
ENST00000460376	2331
ENST00000444380	1810
ENST00000461955	575
ENST00000450775	1566
ENST00000449779	2975
ENST00000461811	4828
ENST00000463331	1200
ENST00000460003	2656
ENST00000460307	2398
ENST00000463195	1020
ENST00000460072	3148
ENST00000461514	913
ENST00000460199	1033
ENST00000450439	2377
ENST00000461007	4244
ENST00000460723	2534
ENST00000463516	4362
ENST00000463544	7185
ENST00000460848	2730
ENST00000462967	959
ENST00000445792	1998
ENST00000455605	1882
ENST00000462616	3341
ENST00000460505	1886
ENST00000462127	3399
ENST00000460100	721
ENST00000461013	10435
ENST00000462579	649
ENST00000463601	2529
ENST00000452340	5647
ENST00000462424	2005
ENST00000451399	2572
ENST00000460980	1521
ENST00000461003	4857
ENST00000460246	535
ENST00000444228	1327
ENST00000461241	2810
ENST00000450172	6593
ENST00000462956	1112
ENST00000448437	2518
ENST00000461547	4213
ENST00000463046	6307
ENST00000459932	1855
ENST00000462875	1917
ENST00000463034	1174
ENST00000459625	6414
ENST00000462090	1844
ENST00000460602	974
ENST00000461550	1478
ENST00000463283	1855
ENST00000462480	1562
ENST00000460725	2763
ENST00000460031	2726
ENST00000462494	2245
ENST00000460924	2880
ENST00000460612	2645
ENST00000451139	5998
ENST00000463532	4569
ENST00000461470	1873
ENST00000462278	564
ENST00000447274	2138
ENST00000459854	5038
ENST00000460333	4910
ENST00000449943	4547
ENST00000462536	1766
ENST00000461285	1873
ENST00000463539	1831
ENST00000463002	610
ENST00000452439	1351
ENST00000461020	2229
ENST00000462848	3442
ENST00000459901	3936
ENST00000461200	3325
ENST00000462392	1793
ENST00000459762	1180
ENST00000462749	1089
ENST00000462741	2160
ENST00000463092	968
ENST00000459791	4350
ENST00000460657	4540
ENST00000455854	3629
ENST00000461407	2676
ENST00000460528	1882
ENST00000462230	794
ENST00000462351	5099
ENST00000456153	1522
ENST00000451763	4073
ENST00000461380	4616
ENST00000461023	6340
ENST00000459673	3757
ENST00000462742	4532
ENST00000461823	2836
ENST00000461118	1155
ENST00000459925	1719
ENST00000453604	1455
ENST00000461107	3592
ENST00000462256	4027
ENST00000461415	1017
ENST00000463471	4255
ENST00000462030	2486
ENST00000462395	7697
ENST00000455062	1437
ENST00000460852	657
ENST00000461981	3173
ENST00000460069	2131
ENST00000449997	2169
ENST00000461325	2557
ENST00000449959	1681
ENST00000463562	1465
ENST00000460627	4719
ENST00000460658	5080
ENST00000459686	4069
ENST00000462826	2065
ENST00000460024	2506
ENST00000463252	4626
ENST00000470446	1112
ENST00000464585	6550
ENST00000466429	2016
ENST00000465256	2936
ENST00000467471	2121
ENST00000471062	3388
ENST00000468632	2023
ENST00000469560	1615
ENST00000471028	529
ENST00000471743	1485
ENST00000467068	3862
ENST00000464685	3270
ENST00000464499	4439
ENST00000471786	751
ENST00000469963	1682
ENST00000470781	1727
ENST00000468968	904
ENST00000467699	2525
ENST00000472934	1738
ENST00000468313	1835
ENST00000469042	3276
ENST00000464577	2089
ENST00000469887	3149
ENST00000466588	1363
ENST00000467558	4440
ENST00000468883	1494
ENST00000468535	2843
ENST00000467680	1979
ENST00000467222	710
ENST00000471291	1762
ENST00000472184	1787
ENST00000470826	2281
ENST00000473443	3263
ENST00000467061	4921
ENST00000464335	1149
ENST00000471976	1567
ENST00000465351	1930
ENST00000473361	1938
ENST00000471413	931
ENST00000467294	3113
ENST00000468634	972
ENST00000466820	1180
ENST00000468004	818
ENST00000471707	745
ENST00000467891	2019
ENST00000470030	2369
ENST00000467160	2431
ENST00000471323	3326
ENST00000471717	2129
ENST00000471212	1363
ENST00000470075	813
ENST00000470074	4351
ENST00000465161	4617
ENST00000467156	1989
ENST00000472755	2955
ENST00000473311	2844
ENST00000471959	932
ENST00000472390	577
ENST00000471202	4494
ENST00000470690	1729
ENST00000468403	4504
ENST00000464810	3502
ENST00000471466	1642
ENST00000469361	4533
ENST00000468552	5120
ENST00000467727	1330
ENST00000471728	2492
ENST00000465191	972
ENST00000467153	1529
ENST00000464431	5061
ENST00000463896	4092
ENST00000467609	2201
ENST00000465020	1666
ENST00000465910	4570
ENST00000467534	3505
ENST00000466720	2214
ENST00000469744	1467
ENST00000471303	2423
ENST00000464419	1470
ENST00000473343	1591
ENST00000468892	1360
ENST00000473087	593
ENST00000470088	1805
ENST00000470803	1180
ENST00000472130	2111
ENST00000467201	4754
ENST00000468227	3902
ENST00000467843	4187
ENST00000468862	1909
ENST00000470633	4893
ENST00000465849	5158
ENST00000465956	961
ENST00000464253	1809
ENST00000469750	5226
ENST00000472831	2667
ENST00000467212	1750
ENST00000470845	2540
ENST00000468221	5772
ENST00000473074	943
ENST00000469132	6084
ENST00000471345	691
ENST00000469972	5817
ENST00000471801	1682
ENST00000469559	4720
ENST00000472314	1855
ENST00000466061	1564
ENST00000472339	2130
ENST00000467457	1591
ENST00000472155	2646
ENST00000469080	3467
ENST00000466059	5750
ENST00000469479	583
ENST00000465814	5612
ENST00000466746	842
ENST00000465925	3976
ENST00000468936	1242
ENST00000465534	1480
ENST00000466708	1847
ENST00000465519	1813
ENST00000472425	1330
ENST00000472424	8764
ENST00000464902	1851
ENST00000471162	3565
ENST00000463664	1922
ENST00000466654	1525
ENST00000466867	2131
ENST00000464717	3792
ENST00000472723	3496
ENST00000465303	868
ENST00000468115	3051
ENST00000471033	861
ENST00000467455	2165
ENST00000472281	2948
ENST00000471645	4732
ENST00000472077	3752
ENST00000470209	2889
ENST00000469694	2862
ENST00000466894	1658
ENST00000464067	2336
ENST00000472803	2799
ENST00000473163	4544
ENST00000472307	2772
ENST00000467542	1622
ENST00000472620	1576
ENST00000463909	3505
ENST00000468340	2165
ENST00000469300	4807
ENST00000472301	2796
ENST00000464092	2708
ENST00000472045	5153
ENST00000465316	1825
ENST00000468183	2432
ENST00000469449	2435
ENST00000465218	2850
ENST00000469255	1803
ENST00000464897	1673
ENST00000471550	3653
ENST00000471603	2505
ENST00000473034	1807
ENST00000469665	1092
ENST00000471419	3932
ENST00000470187	2108
ENST00000470597	2850
ENST00000468499	745
ENST00000466883	2555
ENST00000465062	4129
ENST00000473449	3429
ENST00000466043	984
ENST00000469390	4470
ENST00000465558	1688
ENST00000465904	4381
ENST00000472324	2143
ENST00000466014	1700
ENST00000466046	2547
ENST00000467351	991
ENST00000469163	3507
ENST00000465825	2793
ENST00000464876	3438
ENST00000469614	2337
ENST00000464316	3843
ENST00000465294	2763
ENST00000463683	3396
ENST00000466011	3390
ENST00000467354	2699
ENST00000471736	5377
ENST00000470594	2995
ENST00000465599	4500
ENST00000464015	1613
ENST00000465552	883
ENST00000465136	984
ENST00000464846	713
ENST00000470668	4266
ENST00000464083	2723
ENST00000471370	1945
ENST00000469573	984
ENST00000471933	691
ENST00000465445	2554
ENST00000466794	3685
ENST00000465027	1171
ENST00000464843	3429
ENST00000470150	4234
ENST00000464728	4088
ENST00000465224	2607
ENST00000466110	5414
ENST00000465703	4507
ENST00000464887	845
ENST00000464087	5616
ENST00000466589	3055
ENST00000465368	1469
ENST00000464996	583
ENST00000466302	1950
ENST00000465748	1874
ENST00000471188	3254
ENST00000465713	860
ENST00000466877	1080
ENST00000471144	3639
ENST00000467175	5141
ENST00000472865	1492
ENST00000473186	12854
ENST00000464272	1947
ENST00000465745	5447
ENST00000469337	3602
ENST00000468686	1423
ENST00000466620	3001
ENST00000465826	1518
ENST00000469641	4241
ENST00000464311	2756
ENST00000468999	3661
ENST00000466841	2214
ENST00000467622	1098
ENST00000470354	902
ENST00000466074	1564
ENST00000465134	1862
ENST00000471624	583
ENST00000463900	1645
ENST00000472067	5769
ENST00000464241	1562
ENST00000471490	4564
ENST00000469090	2378
ENST00000464589	4718
ENST00000469334	2856
ENST00000465367	1792
ENST00000472708	4732
ENST00000467379	2538
ENST00000467237	3011
ENST00000472801	4616
ENST00000465806	2610
ENST00000468058	1589
ENST00000473125	6233
ENST00000468525	2727
ENST00000470588	1755
ENST00000464775	3342
ENST00000469173	904
ENST00000472011	2478
ENST00000472002	942
ENST00000470332	2542
ENST00000468735	7964
ENST00000471757	3744
ENST00000466972	1395
ENST00000468055	1038
ENST00000467586	2393
ENST00000466132	1889
ENST00000473289	3003
ENST00000466772	3109
ENST00000470910	1005
ENST00000473429	4870
ENST00000472100	5248
ENST00000470127	2053
ENST00000464988	877
ENST00000467235	2571
ENST00000466404	1837
ENST00000472018	2532
ENST00000466742	2331
ENST00000464132	4550
ENST00000464713	1766
ENST00000469210	1395
ENST00000463733	1509
ENST00000472519	2857
ENST00000469979	7822
ENST00000464395	3240
ENST00000471780	1730
ENST00000465497	1874
ENST00000466414	1431
ENST00000465425	2341
ENST00000468185	1947
ENST00000466096	3949
ENST00000470674	5418
ENST00000468255	1792
ENST00000471834	7229
ENST00000468564	5066
ENST00000465315	3562
ENST00000469358	3429
ENST00000466781	6136
ENST00000466325	828
ENST00000471232	4226
ENST00000470197	3648
ENST00000466134	5986
ENST00000470345	2128
ENST00000472331	1043
ENST00000473217	3462
ENST00000469717	4041
ENST00000469416	2382
ENST00000463946	1613
ENST00000471884	3391
ENST00000473202	5989
ENST00000468063	2212
ENST00000468778	2356
ENST00000464528	4432
ENST00000472677	1661
ENST00000469907	1006
ENST00000470306	2405
ENST00000464592	4520
ENST00000465456	1825
ENST00000468483	2417
ENST00000466229	6985
ENST00000466737	4569
ENST00000470802	9570
ENST00000467690	931
ENST00000470100	935
ENST00000469599	5501
ENST00000464559	2424
ENST00000467047	5074
ENST00000470807	668
ENST00000470922	1598
ENST00000463783	4161
ENST00000473073	1964
ENST00000464057	2122
ENST00000469739	3196
ENST00000471461	2286
ENST00000466182	3594
ENST00000466040	984
ENST00000470378	1034
ENST00000466525	1720
ENST00000469705	1738
ENST00000467813	1909
ENST00000469160	1825
ENST00000470814	2353
ENST00000473243	4729
ENST00000466855	1894
ENST00000471250	1676
ENST00000467844	1492
ENST00000468748	4425
ENST00000468823	3748
ENST00000463652	1028
ENST00000468476	3592
ENST00000467620	2214
ENST00000472079	1038
ENST00000469765	2126
ENST00000463634	2590
ENST00000471703	3364
ENST00000468272	1486
ENST00000470773	575
ENST00000468277	1180
ENST00000468875	574
ENST00000470569	1895
ENST00000468346	1682
ENST00000468428	2200
ENST00000470477	1257
ENST00000463724	3614
ENST00000469110	3595
ENST00000463797	1878
ENST00000472789	863
ENST00000473059	1766
ENST00000466410	2592
ENST00000471706	755
ENST00000471784	1720
ENST00000464583	3870
ENST00000466602	1210
ENST00000463792	3245
ENST00000468690	5273
ENST00000466618	2198
ENST00000469818	2005
ENST00000470268	8308
ENST00000467785	3276
ENST00000465591	680
ENST00000471223	6089
ENST00000470442	705
ENST00000465567	2801
ENST00000463995	1024
ENST00000464676	1379
ENST00000464333	3019
ENST00000472593	5737
ENST00000469839	971
ENST00000469374	1907
ENST00000463795	949
ENST00000471405	7186
ENST00000464970	640
ENST00000468287	3445
ENST00000471096	1682
ENST00000468468	2777
ENST00000463722	1327
ENST00000471896	2129
ENST00000468045	3057
ENST00000489322	2406
ENST00000487381	1442
ENST00000474457	2913
ENST00000482433	3658
ENST00000486749	4414
ENST00000484115	5285
ENST00000489023	8010
ENST00000483397	972
ENST00000474550	7983
ENST00000490362	4414
ENST00000491061	3863
ENST00000483362	2358
ENST00000480772	703
ENST00000473649	2692
ENST00000479314	872
ENST00000473813	944
ENST00000478721	909
ENST00000477917	4487
ENST00000482732	1731
ENST00000489398	1727
ENST00000492667	2920
ENST00000491746	7227
ENST00000486102	4564
ENST00000479386	1738
ENST00000480394	3834
ENST00000477983	605
ENST00000476127	2152
ENST00000482624	1238
ENST00000482858	4676
ENST00000473996	1034
ENST00000481474	7006
ENST00000484352	1771
ENST00000474060	5446
ENST00000488149	7813
ENST00000479045	1395
ENST00000490365	6532
ENST00000488976	910
ENST00000487002	2017
ENST00000491898	1020
ENST00000487722	2030
ENST00000477918	4250
ENST00000492240	964
ENST00000478924	828
ENST00000488973	2434
ENST00000477680	3078
ENST00000479730	2112
ENST00000483412	6235
ENST00000489405	1475
ENST00000476836	2093
ENST00000481825	2857
ENST00000477946	1878
ENST00000489226	5139
ENST00000485587	5872
ENST00000483916	4138
ENST00000492099	1170
ENST00000485440	2275
ENST00000486253	1507
ENST00000479135	7285
ENST00000490277	1851
ENST00000478599	4211
ENST00000490993	5197
ENST00000478488	698
ENST00000492929	2214
ENST00000480730	2202
ENST00000478670	572
ENST00000483796	2506
ENST00000474352	2840
ENST00000486616	4439
ENST00000487862	1782
ENST00000492583	1405
ENST00000487059	810
ENST00000480242	3409
ENST00000473610	2782
ENST00000481637	2131
ENST00000480884	2447
ENST00000486889	5325
ENST00000475678	2270
ENST00000473916	2000
ENST00000473716	2299
ENST00000482507	2414
ENST00000489636	3338
ENST00000483467	2131
ENST00000487786	984
ENST00000485101	5327
ENST00000488342	1983
ENST00000483151	2772
ENST00000488350	4152
ENST00000482729	2030
ENST00000487477	932
ENST00000490170	2681
ENST00000481797	5741
ENST00000490848	7218
ENST00000475650	2484
ENST00000488968	2702
ENST00000477814	1784
ENST00000478629	1825
ENST00000490307	1792
ENST00000477202	1767
ENST00000483495	1853
ENST00000490689	4184
ENST00000488007	3001
ENST00000481804	3248
ENST00000486124	2800
ENST00000489245	4193
ENST00000487120	2159
ENST00000482360	2484
ENST00000488876	2404
ENST00000489841	2515
ENST00000481843	1583
ENST00000483421	2076
ENST00000476800	2129
ENST00000479412	3221
ENST00000481883	3119
ENST00000478025	583
ENST00000480082	2000
ENST00000489129	6420
ENST00000488537	1509
ENST00000481387	4991
ENST00000484616	639
ENST00000482152	899
ENST00000488642	2413
ENST00000479567	1825
ENST00000477168	986
ENST00000489617	3190
ENST00000475342	866
ENST00000476554	1225
ENST00000481900	2020
ENST00000476655	2260
ENST00000476264	3005
ENST00000480032	11676
ENST00000483166	4454
ENST00000487105	583
ENST00000480349	5982
ENST00000485552	1038
ENST00000482885	5949
ENST00000485098	2799
ENST00000479880	947
ENST00000481121	1543
ENST00000481470	6497
ENST00000479182	4882
ENST00000476746	3230
ENST00000479058	1878
ENST00000491127	4063
ENST00000477542	1858
ENST00000478143	2430
ENST00000486463	3126
ENST00000476064	1643
ENST00000488820	790
ENST00000487056	1863
ENST00000492088	3761
ENST00000487949	2664
ENST00000480809	6054
ENST00000474221	4418
ENST00000479568	1630
ENST00000478139	3690
ENST00000476485	4500
ENST00000473880	5491
ENST00000478979	3054
ENST00000492845	937
ENST00000489643	2019
ENST00000485265	4058
ENST00000480614	12167
ENST00000488089	4577
ENST00000482878	3458
ENST00000488036	2330
ENST00000485091	1734
ENST00000486228	2021
ENST00000492367	1515
ENST00000480420	2019
ENST00000489937	958
ENST00000488118	4384
ENST00000484061	3085
ENST00000476814	989
ENST00000481352	1725
ENST00000483625	3080
ENST00000484655	2982
ENST00000476609	3598
ENST00000478548	3124
ENST00000482777	4369
ENST00000483559	2392
ENST00000488146	2658
ENST00000486907	2358
ENST00000480938	1774
ENST00000477340	2831
ENST00000473515	4297
ENST00000476372	2879
ENST00000479512	1905
ENST00000474276	2093
ENST00000475225	1602
ENST00000485534	4027
ENST00000480719	4141
ENST00000485815	583
ENST00000486227	4718
ENST00000492293	1878
ENST00000474725	1911
ENST00000483731	4193
ENST00000491800	3780
ENST00000484021	2531
ENST00000482866	3458
ENST00000476637	623
ENST00000482974	3265
ENST00000482418	2800
ENST00000475065	1952
ENST00000483051	4176
ENST00000492068	754
ENST00000482704	4407
ENST00000473587	581
ENST00000492485	3948
ENST00000487673	5282
ENST00000482825	1618
ENST00000487410	3656
ENST00000479290	4734
ENST00000492261	2793
ENST00000479089	1956
ENST00000485078	536
ENST00000487501	712
ENST00000492898	951
ENST00000485245	7476
ENST00000476241	4844
ENST00000491144	3038
ENST00000479572	2022
ENST00000485492	1257
ENST00000489200	1519
ENST00000487676	4644
ENST00000488069	897
ENST00000474140	3499
ENST00000474216	2007
ENST00000479677	2144
ENST00000476590	2163
ENST00000480357	5668
ENST00000491181	623
ENST00000481172	2202
ENST00000474241	1036
ENST00000486327	2897
ENST00000486401	552
ENST00000487546	4569
ENST00000492024	2111
ENST00000473685	4026
ENST00000481052	2464
ENST00000474373	670
ENST00000475415	3745
ENST00000474498	1630
ENST00000477621	1272
ENST00000481436	2025
ENST00000490210	7353
ENST00000491252	3860
ENST00000476216	7951
ENST00000478389	3581
ENST00000488174	7243
ENST00000488719	1732
ENST00000485872	1525
ENST00000479162	2828
ENST00000488524	901
ENST00000492718	4208
ENST00000474871	4493
ENST00000485278	3420
ENST00000482267	4569
ENST00000481869	1038
ENST00000475223	610
ENST00000475975	4789
ENST00000491769	6731
ENST00000490089	1754
ENST00000486882	5152
ENST00000482808	2063
ENST00000483685	2452
ENST00000483332	2801
ENST00000490198	814
ENST00000482843	3395
ENST00000475813	1112
ENST00000478840	748
ENST00000476407	1792
ENST00000478938	2591
ENST00000490953	841
ENST00000475844	984
ENST00000492012	2506
ENST00000476500	6659
ENST00000485610	1480
ENST00000478150	545
ENST00000480503	5672
ENST00000492619	2029
ENST00000491504	2308
ENST00000485944	2879
ENST00000475386	2200
ENST00000490674	3202
ENST00000485784	5212
ENST00000481673	1856
ENST00000485984	2340
ENST00000475875	2440
ENST00000482156	2857
ENST00000482998	1388
ENST00000476119	4569
ENST00000489685	1180
ENST00000474945	981
ENST00000492535	6884
ENST00000475271	766
ENST00000485748	3233
ENST00000482722	2887
ENST00000484763	1849
ENST00000479596	883
ENST00000483674	1483
ENST00000489513	2540
ENST00000481757	3944
ENST00000478051	1916
ENST00000486003	2850
ENST00000485556	4253
ENST00000476367	1603
ENST00000479976	1110
ENST00000480008	4285
ENST00000485559	2653
ENST00000473629	1634
ENST00000487750	1738
ENST00000476870	1750
ENST00000484209	2798
ENST00000486360	4547
ENST00000491926	4500
ENST00000490385	860
ENST00000490921	3165
ENST00000486958	659
ENST00000487411	1290
ENST00000476932	2269
ENST00000484320	1148
ENST00000490537	2423
ENST00000480961	6079
ENST00000489083	2093
ENST00000488848	904
ENST00000490768	1056
ENST00000491312	691
ENST00000484238	2422
ENST00000483345	2542
ENST00000487407	2098
ENST00000477081	5218
ENST00000483764	1512
ENST00000486034	3293
ENST00000489767	1833
ENST00000490812	833
ENST00000487093	4782
ENST00000476667	1671
ENST00000487443	1682
ENST00000490728	3229
ENST00000482648	5596
ENST00000473976	2025
ENST00000487134	2692
ENST00000477422	915
ENST00000490967	2070
ENST00000488285	2647
ENST00000485069	2159
ENST00000481084	2343
ENST00000487483	4675
ENST00000484514	3236
ENST00000492582	2069
ENST00000480100	3483
ENST00000478784	1492
ENST00000487138	4455
ENST00000475639	4694
ENST00000474148	4208
ENST00000474436	6655
ENST00000482195	1232
ENST00000478916	7780
ENST00000487486	1596
ENST00000483767	1611
ENST00000486511	2300
ENST00000480110	4547
ENST00000483728	3070
ENST00000489001	1738
ENST00000478402	3149
ENST00000490297	1232
ENST00000474835	3835
ENST00000487376	1583
ENST00000487620	2660
ENST00000482990	3447
ENST00000478082	1585
ENST00000477866	642
ENST00000480097	1257
ENST00000478158	4614
ENST00000491327	1395
ENST00000488988	4549
ENST00000485166	1766
ENST00000481096	3230
ENST00000488263	4528
ENST00000475665	3157
ENST00000490149	873
ENST00000481328	5740
ENST00000486147	987
ENST00000474539	4799
ENST00000492936	5319
ENST00000489097	3938
ENST00000473927	1257
ENST00000492105	2772
ENST00000478085	4218
ENST00000475058	1742
ENST00000475182	4986
ENST00000489262	2780
ENST00000475142	819
ENST00000481411	950
ENST00000483629	1818
ENST00000478045	3549
ENST00000479992	850
ENST00000484252	2099
ENST00000477131	1257
ENST00000491404	2109
ENST00000490363	4065
ENST00000478307	2633
ENST00000473964	6986
ENST00000486106	1878
ENST00000489895	5350
ENST00000481771	2579
ENST00000480670	4619
ENST00000477826	2093
ENST00000476678	3879
ENST00000490863	5643
ENST00000488743	3174
ENST00000478388	583
ENST00000477136	2165
ENST00000480653	2211
ENST00000477976	4201
ENST00000487805	5882
ENST00000482171	4298
ENST00000483359	1975
ENST00000483134	3140
ENST00000485648	1405
ENST00000480296	2512
ENST00000487201	1708
ENST00000479155	6004
ENST00000487509	4920
ENST00000477022	1327
ENST00000488897	2423
ENST00000482899	3743
ENST00000481902	2432
ENST00000482665	1956
ENST00000488179	1712
ENST00000488946	2312
ENST00000480137	3732
ENST00000483778	1103
ENST00000483782	1245
ENST00000487534	1766
ENST00000488442	2257
ENST00000480401	1257
ENST00000485571	4157
ENST00000488064	2825
ENST00000482178	2020
ENST00000487017	5807
ENST00000492185	1786
ENST00000489483	5682
ENST00000474249	1333
ENST00000491065	823
ENST00000481441	1330
ENST00000483137	6122
ENST00000479422	464
ENST00000490771	1112
ENST00000480863	5867
ENST00000491136	4335
ENST00000483771	2502
ENST00000481915	4791
ENST00000475176	714
ENST00000477487	2740
ENST00000480392	769
ENST00000482054	2786
ENST00000487632	2015
ENST00000480230	4640
ENST00000475432	2004
ENST00000487385	1583
ENST00000477859	5573
ENST00000479003	2114
ENST00000488261	4709
ENST00000478619	2060
ENST00000487283	3273
ENST00000486332	2542
ENST00000489885	1894
ENST00000492809	2599
ENST00000488725	1330
ENST00000477812	2271
ENST00000479866	3917
ENST00000481239	2030
ENST00000490660	2867
ENST00000485800	2217
ENST00000476358	1492
ENST00000477110	5802
ENST00000492390	976
ENST00000492643	933
ENST00000481218	1596
ENST00000479978	5875
ENST00000475124	2822
ENST00000489152	4025
ENST00000479982	1682
ENST00000477632	3949
ENST00000483041	1709
ENST00000491008	3298
ENST00000477921	2021
ENST00000491382	989
ENST00000475687	4128
ENST00000484440	2823
ENST00000490180	4403
ENST00000473985	1494
ENST00000479942	3559
ENST00000475309	2558
ENST00000486499	5489
ENST00000475582	4293
ENST00000490842	3488
ENST00000475613	7246
ENST00000481959	1795
ENST00000488426	1855
ENST00000474114	6007
ENST00000475648	1682
ENST00000478891	856
ENST00000481014	6505
ENST00000473866	2313
ENST00000484513	3314
ENST00000475550	4397
ENST00000483620	2526
ENST00000475688	1773
ENST00000474104	4016
ENST00000483494	1565
ENST00000491239	5149
ENST00000483926	2525
ENST00000473483	3588
ENST00000479945	4459
ENST00000486575	2177
ENST00000475168	5629
ENST00000479745	8344
ENST00000486289	1792
ENST00000492831	989
ENST00000484122	3738
ENST00000491243	2112
ENST00000489660	2093
ENST00000487651	4462
ENST00000483302	3421
ENST00000475900	7450
ENST00000480957	3243
ENST00000477645	586
ENST00000473565	3208
ENST00000480037	1737
ENST00000473932	1395
ENST00000476828	1872
ENST00000479562	691
ENST00000491547	5592
ENST00000482077	5159
ENST00000492082	2031
ENST00000488128	2854
ENST00000474976	691
ENST00000481650	549
ENST00000490758	1480
ENST00000485557	1878
ENST00000487114	890
ENST00000479659	4247
ENST00000481588	1874
ENST00000480583	5358
ENST00000486374	6846
ENST00000475965	1239
ENST00000486761	2800
ENST00000482993	4904
ENST00000482346	2965
ENST00000487623	610
ENST00000481125	910
ENST00000488168	976
ENST00000473735	2212
ENST00000473525	3206
ENST00000477236	2506
ENST00000486378	3429
ENST00000477541	1735
ENST00000492816	9171
ENST00000484795	1256
ENST00000482042	1366
ENST00000492468	2257
ENST00000490517	5805
ENST00000492633	2549
ENST00000479106	1931
ENST00000474481	3367
ENST00000487920	2617
ENST00000479695	4616
ENST00000487010	2054
ENST00000482847	3247
ENST00000482343	2736
ENST00000489353	2961
ENST00000480144	2277
ENST00000492226	3790
ENST00000485344	4509
ENST00000482784	1525
ENST00000490692	3891
ENST00000487125	947
ENST00000477111	826
ENST00000479958	1443
ENST00000486403	2486
ENST00000482402	1882
ENST00000473769	3223
ENST00000477626	3507
ENST00000475221	1319
ENST00000484654	2240
ENST00000491663	3093
ENST00000483040	4394
ENST00000476211	997
ENST00000487162	2049
ENST00000474017	1760
ENST00000482476	646
ENST00000485807	3749
ENST00000481626	2513
ENST00000473770	2378
ENST00000477960	762
ENST00000484773	916
ENST00000475707	3308
ENST00000477143	4294
ENST00000475485	2614
ENST00000492706	3677
ENST00000485991	4040
ENST00000485962	2973
ENST00000475224	2030
ENST00000488736	1319
ENST00000485535	3264
ENST00000489659	2540
ENST00000492023	2047
ENST00000491720	6473
ENST00000479501	4536
ENST00000487452	965
ENST00000491107	1799
ENST00000473508	2136
ENST00000481354	1738
ENST00000478641	3079
ENST00000478758	2214
ENST00000484716	6114
ENST00000482540	3942
ENST00000491057	1583
ENST00000477054	4655
ENST00000488732	2093
ENST00000484610	924
ENST00000482025	2834
ENST00000475653	909
ENST00000474154	2974
ENST00000481054	3460
ENST00000477528	4832
ENST00000477479	2940
ENST00000486063	1975
ENST00000484266	1401
ENST00000480340	2530
ENST00000484913	4051
ENST00000476689	2435
ENST00000476050	3302
ENST00000490936	5374
ENST00000476848	2969
ENST00000487235	2263
ENST00000481058	7079
ENST00000476464	2052
ENST00000484415	2980
ENST00000475742	1319
ENST00000492824	3332
ENST00000490563	1659
ENST00000475404	691
ENST00000491460	1063
ENST00000480102	589
ENST00000488299	1620
ENST00000482416	2988
ENST00000482297	4616
ENST00000481171	3451
ENST00000489173	2083
ENST00000484975	3059
ENST00000481145	4112
ENST00000474427	5474
ENST00000476881	1675
ENST00000477622	795
ENST00000479454	2753
ENST00000476467	2067
ENST00000484848	3298
ENST00000478562	3172
ENST00000485782	1525
ENST00000490672	3263
ENST00000477639	1950
ENST00000483585	3692
ENST00000485138	2406
ENST00000486271	2842
ENST00000487229	2452
ENST00000477780	1089
ENST00000487177	3315
ENST00000478040	561
ENST00000483648	1328
ENST00000484427	4929
ENST00000490606	1319
ENST00000490545	583
ENST00000477608	2162
ENST00000488219	3111
ENST00000492812	7507
ENST00000485500	852
ENST00000478436	3835
ENST00000484154	3961
ENST00000489337	3560
ENST00000486301	4431
ENST00000477126	3071
ENST00000486151	3466
ENST00000475315	2341
ENST00000488504	1785
ENST00000491604	3106
ENST00000486520	4031
ENST00000474916	752
ENST00000489606	2285
ENST00000481453	2229
ENST00000490454	1766
ENST00000492534	906
ENST00000478695	4038
ENST00000491035	1369
ENST00000491819	3772
ENST00000491755	2527
ENST00000481611	2248
ENST00000475284	984
ENST00000474556	1812
ENST00000491834	5628
ENST00000490687	1768
ENST00000479115	2285
ENST00000482768	1319
ENST00000483574	2396
ENST00000476226	2379
ENST00000486872	4616
ENST00000481601	1556
ENST00000473933	2036
ENST00000481456	5158
ENST00000488929	1492
ENST00000478594	2110
ENST00000489688	4027
ENST00000490637	4078
ENST00000480762	1998
ENST00000490998	2483
ENST00000475957	2059
ENST00000481424	5722
ENST00000473529	913
ENST00000479570	4631
ENST00000481383	909
ENST00000491278	4352
ENST00000473983	1894
ENST00000492572	1656
ENST00000484831	1727
ENST00000479445	1909
ENST00000478486	759
ENST00000489619	2214
ENST00000478863	2545
ENST00000475031	6966
ENST00000473680	1232
ENST00000492581	3925
ENST00000486831	4044
ENST00000474420	2625
ENST00000475019	807
ENST00000473865	805
ENST00000480384	2214
ENST00000492575	1002
ENST00000488284	2427
ENST00000486512	3033
ENST00000480532	743
ENST00000479946	1572
ENST00000481170	4942
ENST00000486752	13300
ENST00000474254	1026
ENST00000473917	1746
ENST00000473485	1664
ENST00000491074	20962
ENST00000481872	4306
ENST00000480153	2447
ENST00000491154	4069
ENST00000484163	1889
ENST00000475627	984
ENST00000477741	2070
ENST00000475240	546
ENST00000487169	4339
ENST00000490027	4440
ENST00000490707	3534
ENST00000483450	3027
ENST00000485034	2651
ENST00000480825	6074
ENST00000492117	5235
ENST00000490569	2177
ENST00000489786	5129
ENST00000491706	1900
ENST00000488500	1825
ENST00000485539	1413
ENST00000486738	1284
ENST00000485504	972
ENST00000478155	3840
ENST00000489825	751
ENST00000481362	1848
ENST00000486178	1326
ENST00000491610	1742
ENST00000480655	2653
ENST00000486058	3126
ENST00000489652	2642
ENST00000474601	2073
ENST00000479463	684
ENST00000487245	1880
ENST00000478247	2272
ENST00000486937	4593
ENST00000491066	604
ENST00000480120	1070
ENST00000483396	4695
ENST00000480557	4569
ENST00000485400	1513
ENST00000479276	2520
ENST00000489822	2222
ENST00000475591	2542
ENST00000487875	2641
ENST00000490918	3723
ENST00000489120	1609
ENST00000487304	1962
ENST00000482111	1428
ENST00000479535	2479
ENST00000484855	4697
ENST00000485602	832
ENST00000489330	6299
ENST00000479791	3001
ENST00000496841	4922
ENST00000533872	1114
ENST00000530796	936
ENST00000557619	1004
ENST00000497595	1319
ENST00000531791	7118
ENST00000497229	1633
ENST00000549437	2544
ENST00000537267	2522
ENST00000496308	1136
ENST00000524856	3787
ENST00000544096	3776
ENST00000566520	1177
ENST00000557212	1528
ENST00000494464	1367
ENST00000557925	2401
ENST00000530314	3488
ENST00000548568	1127
ENST00000529977	2606
ENST00000554936	913
ENST00000552141	756
ENST00000554056	1635
ENST00000558912	2790
ENST00000513762	3581
ENST00000554523	8582
ENST00000551739	4357
ENST00000532517	5242
ENST00000545042	450
ENST00000533277	2719
ENST00000531153	2811
ENST00000557205	1242
ENST00000566042	3446
ENST00000502548	1090
ENST00000533847	745
ENST00000493220	5691
ENST00000493079	1519
ENST00000503120	1887
ENST00000529244	720
ENST00000556648	2013
ENST00000560789	4664
ENST00000543289	3356
ENST00000550170	2202
ENST00000511325	3036
ENST00000498436	1142
ENST00000520878	3722
ENST00000564747	2798
ENST00000494263	2566
ENST00000526162	6868
ENST00000498621	2000
ENST00000530988	590
ENST00000519569	2355
ENST00000546766	3236
ENST00000496906	1586
ENST00000529926	542
ENST00000503946	4078
ENST00000532052	3165
ENST00000511906	5716
ENST00000563053	1686
ENST00000495044	2046
ENST00000494397	1752
ENST00000493253	1834
ENST00000526677	2416
ENST00000556124	1546
ENST00000555139	925
ENST00000556687	1124
ENST00000534790	2652
ENST00000565081	1558
ENST00000511972	583
ENST00000494937	2030
ENST00000560701	701
ENST00000566568	2558
ENST00000543382	2504
ENST00000529958	1002
ENST00000503733	719
ENST00000530567	1415
ENST00000493907	835
ENST00000554638	1712
ENST00000508148	577
ENST00000527357	4496
ENST00000551127	2975
ENST00000521249	3809
ENST00000565219	1558
ENST00000548383	1645
ENST00000494171	2075
ENST00000524727	995
ENST00000559453	1721
ENST00000496691	1855
ENST00000530142	3108
ENST00000531435	1284
ENST00000514325	4597
ENST00000558036	2108
ENST00000562593	5682
ENST00000497304	932
ENST00000558588	4643
ENST00000564521	2534
ENST00000524342	3366
ENST00000528220	2798
ENST00000529612	7215
ENST00000537641	1728
ENST00000561415	1769
ENST00000534529	5393
ENST00000539595	1809
ENST00000493786	551
ENST00000546754	1480
ENST00000547407	3847
ENST00000494738	4406
ENST00000548495	651
ENST00000493554	2506
ENST00000534786	715
ENST00000535385	4201
ENST00000525898	1405
ENST00000533691	1251
ENST00000545058	1992
ENST00000493708	885
ENST00000512792	2618
ENST00000494349	1504
ENST00000564838	1618
ENST00000561689	1957
ENST00000554554	2955
ENST00000525883	4322
ENST00000494126	2297
ENST00000527953	2117
ENST00000497600	4500
ENST00000498498	1102
ENST00000534922	1660
ENST00000531338	3315
ENST00000555214	689
ENST00000527165	1865
ENST00000551749	2091
ENST00000555208	2338
ENST00000545576	923
ENST00000560798	3581
ENST00000506579	5497
ENST00000522223	1538
ENST00000495187	2776
ENST00000532885	902
ENST00000553171	904
ENST00000513060	1651
ENST00000502350	2258
ENST00000527587	4633
ENST00000533834	3658
ENST00000554652	4487
ENST00000564607	4768
ENST00000563306	1190
ENST00000521111	3394
ENST00000544449	2064
ENST00000555759	5493
ENST00000495184	9277
ENST00000513582	3500
ENST00000534609	3725
ENST00000556743	1456
ENST00000519130	2182
ENST00000563723	3990
ENST00000525088	5528
ENST00000519757	1208
ENST00000552943	5498
ENST00000553626	3610
ENST00000543026	2066
ENST00000541442	1056
ENST00000558931	2754
ENST00000498276	3309
ENST00000493216	4701
ENST00000494860	2341
ENST00000563871	4635
ENST00000495352	1538
ENST00000563885	1931
ENST00000560247	1708
ENST00000563874	3081
ENST00000563766	2061
ENST00000530879	3191
ENST00000518121	1447
ENST00000528732	570
ENST00000537433	671
ENST00000495790	7386
ENST00000562752	960
ENST00000498012	2577
ENST00000493620	1583
ENST00000508168	520
ENST00000526405	4654
ENST00000560723	2683
ENST00000505061	5931
ENST00000514430	7444
ENST00000497403	5400
ENST00000508684	3059
ENST00000498794	2987
ENST00000531184	2213
ENST00000507575	2092
ENST00000494593	1681
ENST00000552341	1980
ENST00000524428	1526
ENST00000555787	2246
ENST00000552347	1645
ENST00000493324	3058
ENST00000565167	1712
ENST00000512600	6708
ENST00000538662	1186
ENST00000506326	3236
ENST00000554465	3044
ENST00000556216	1827
ENST00000553506	2830
ENST00000549078	2088
ENST00000561481	2487
ENST00000563367	891
ENST00000498822	2547
ENST00000565585	2795
ENST00000521614	2735
ENST00000515725	3231
ENST00000509525	2374
ENST00000542400	3065
ENST00000511979	839
ENST00000544458	3793
ENST00000549311	5004
ENST00000510040	1728
ENST00000558614	852
ENST00000558505	543
ENST00000496419	1880
ENST00000557667	4240
ENST00000534407	3904
ENST00000541388	705
ENST00000520124	4420
ENST00000515387	1596
ENST00000495807	4616
ENST00000525522	3281
ENST00000565341	1488
ENST00000551041	1082
ENST00000496406	7586
ENST00000564976	2876
ENST00000495794	4865
ENST00000511406	2058
ENST00000528047	1433
ENST00000530149	3417
ENST00000527981	1355
ENST00000537305	3932
ENST00000528763	1988
ENST00000510321	2529
ENST00000529532	1471
ENST00000523276	2030
ENST00000507792	716
ENST00000496149	1601
ENST00000494447	2383
ENST00000502420	1305
ENST00000518554	5300
ENST00000554501	2221
ENST00000523883	3651
ENST00000525598	5931
ENST00000518259	6871
ENST00000561920	2194
ENST00000561853	473
ENST00000515159	3509
ENST00000542044	1544
ENST00000495381	3993
ENST00000502734	6315
ENST00000533444	1832
ENST00000497548	1900
ENST00000562988	3382
ENST00000520609	1109
ENST00000563490	718
ENST00000493522	2309
ENST00000496441	2943
ENST00000552577	2083
ENST00000506358	558
ENST00000502559	3798
ENST00000504117	5751
ENST00000526955	4531
ENST00000497033	1257
ENST00000546388	670
ENST00000564824	2147
ENST00000522335	3656
ENST00000550867	2800
ENST00000546393	1883
ENST00000530812	4306
ENST00000532279	2430
ENST00000521972	862
ENST00000549592	1901
ENST00000496385	2772
ENST00000527245	3255
ENST00000507915	1165
ENST00000494046	1622
ENST00000515056	2064
ENST00000493019	2880
ENST00000543665	2272
ENST00000496007	4452
ENST00000523482	6907
ENST00000561090	3632
ENST00000495822	1345
ENST00000505733	1703
ENST00000520450	2774
ENST00000496239	4619
ENST00000526185	1723
ENST00000533724	5361
ENST00000551359	4685
ENST00000502799	2281
ENST00000522596	3787
ENST00000504194	3522
ENST00000503498	5607
ENST00000514332	2444
ENST00000543938	4168
ENST00000558362	3911
ENST00000559323	2002
ENST00000544891	4899
ENST00000519075	3667
ENST00000556184	2443
ENST00000551296	4076
ENST00000547687	2970
ENST00000494371	7836
ENST00000531216	770
ENST00000523259	1802
ENST00000564767	916
ENST00000528653	1692
ENST00000526142	2868
ENST00000530967	964
ENST00000565330	1403
ENST00000558893	1209
ENST00000496724	2277
ENST00000552564	4996
ENST00000553439	2763
ENST00000555020	2566
ENST00000562426	976
ENST00000532940	1782
ENST00000523788	5220
ENST00000555700	4668
ENST00000564047	2893
ENST00000526990	3169
ENST00000506360	5829
ENST00000557961	591
ENST00000563642	4184
ENST00000523744	5740
ENST00000497565	2925
ENST00000506231	9953
ENST00000495415	1879
ENST00000537488	899
ENST00000541310	2449
ENST00000546226	2112
ENST00000530533	1437
ENST00000505521	925
ENST00000493581	2911
ENST00000518881	3404
ENST00000565781	6109
ENST00000530016	1696
ENST00000514360	1177
ENST00000533766	1547
ENST00000527797	1609
ENST00000553750	1931
ENST00000525820	3259
ENST00000536584	3229
ENST00000508318	582
ENST00000493335	2937
ENST00000493587	3485
ENST00000496494	2343
ENST00000563753	599
ENST00000517465	1095
ENST00000496942	2763
ENST00000529847	920
ENST00000526890	5732
ENST00000495424	1679
ENST00000556548	2336
ENST00000564774	4637
ENST00000496439	800
ENST00000528927	2639
ENST00000562330	1044
ENST00000532625	428
ENST00000559845	1530
ENST00000503821	1965
ENST00000514356	3109
ENST00000504667	3393
ENST00000526469	1643
ENST00000531484	2251
ENST00000493438	4602
ENST00000498524	4289
ENST00000533863	3298
ENST00000493354	4616
ENST00000526700	1978
ENST00000494443	765
ENST00000529274	2427
ENST00000494942	2325
ENST00000544050	514
ENST00000549319	5626
ENST00000564785	4820
ENST00000493118	2808
ENST00000515235	5540
ENST00000549192	2629
ENST00000552390	2042
ENST00000506932	537
ENST00000565339	1818
ENST00000514858	3978
ENST00000493868	6332
ENST00000494255	1653
ENST00000498706	4674
ENST00000541930	827
ENST00000495740	1825
ENST00000534976	3165
ENST00000526925	1298
ENST00000526814	2078
ENST00000507209	8646
ENST00000553539	1094
ENST00000566099	1316
ENST00000528165	2828
ENST00000493657	1783
ENST00000560702	3230
ENST00000566353	1245
ENST00000548047	2031
ENST00000536265	3603
ENST00000529955	3437
ENST00000563441	2664
ENST00000544643	1759
ENST00000565639	1976
ENST00000539695	1832
ENST00000546608	3256
ENST00000514119	1662
ENST00000543998	2918
ENST00000552461	2591
ENST00000495607	2450
ENST00000496594	2103
ENST00000539436	1726
ENST00000528236	2294
ENST00000548845	1369
ENST00000512907	5143
ENST00000525448	2139
ENST00000556496	2737
ENST00000504778	4557
ENST00000534802	1999
ENST00000560377	1548
ENST00000515223	5707
ENST00000553080	1941
ENST00000505135	670
ENST00000527545	2546
ENST00000496009	2374
ENST00000507184	5565
ENST00000531236	3429
ENST00000526474	4480
ENST00000512375	2482
ENST00000543739	2846
ENST00000524027	1330
ENST00000512791	824
ENST00000522774	3078
ENST00000523568	2199
ENST00000531587	1647
ENST00000508607	529
ENST00000498427	2540
ENST00000556552	938
ENST00000532467	2831
ENST00000502794	583
ENST00000558173	5691
ENST00000493635	5771
ENST00000522653	5340
ENST00000566034	4153
ENST00000548771	470
ENST00000532045	1835
ENST00000536995	4577
ENST00000497109	3115
ENST00000532888	1351
ENST00000534043	3065
ENST00000527429	1612
ENST00000552226	543
ENST00000493924	1573
ENST00000508604	1671
ENST00000493538	1002
ENST00000511410	994
ENST00000546934	2476
ENST00000561047	1057
ENST00000514463	4639
ENST00000561387	7377
ENST00000560078	2913
ENST00000536689	3744
ENST00000526977	2036
ENST00000555305	1765
ENST00000515868	3903
ENST00000505484	2396
ENST00000564648	1235
ENST00000515773	8150
ENST00000554026	1102
ENST00000552861	2499
ENST00000493383	727
ENST00000529626	2275
ENST00000533161	1186
ENST00000530688	1623
ENST00000497918	2221
ENST00000561725	2738
ENST00000493848	2162
ENST00000563314	4574
ENST00000525250	2726
ENST00000493421	2542
ENST00000495183	1766
ENST00000541326	890
ENST00000521858	1874
ENST00000505222	5547
ENST00000547924	550
ENST00000508820	5907
ENST00000526942	1791
ENST00000496647	3624
ENST00000495146	1292
ENST00000566451	1550
ENST00000535942	3200
ENST00000521080	6472
ENST00000493884	4138
ENST00000518820	3093
ENST00000524305	2719
ENST00000564176	4973
ENST00000493747	2202
ENST00000526084	7463
ENST00000525026	2621
ENST00000561268	530
ENST00000562735	1720
ENST00000532776	602
ENST00000525402	1692
ENST00000556074	3047
ENST00000511810	3001
ENST00000496526	5282
ENST00000543465	1518
ENST00000495049	576
ENST00000504704	3704
ENST00000514179	2200
ENST00000563913	1791
ENST00000554157	5014
ENST00000526048	1168
ENST00000514442	5195
ENST00000506699	3159
ENST00000559889	2461
ENST00000493026	2387
ENST00000540006	1485
ENST00000524241	4555
ENST00000494432	2202
ENST00000524877	5772
ENST00000514570	1234
ENST00000563893	2253
ENST00000494399	1848
ENST00000548725	582
ENST00000542123	2689
ENST00000565089	2322
ENST00000495100	3525
ENST00000497060	764
ENST00000563051	2943
ENST00000527109	1030
ENST00000497338	1630
ENST00000530021	5233
ENST00000503063	3232
ENST00000545396	1341
ENST00000504256	3807
ENST00000517535	3067
ENST00000533897	6119
ENST00000518629	1915
ENST00000519132	3129
ENST00000498666	4781
ENST00000525150	4311
ENST00000537796	3418
ENST00000498760	972
ENST00000494746	1837
ENST00000527138	5163
ENST00000546992	578
ENST00000513135	3483
ENST00000526038	7884
ENST00000520201	5002
ENST00000556235	544
ENST00000556123	3999
ENST00000512181	1456
ENST00000546964	3063
ENST00000496704	3385
ENST00000528278	8635
ENST00000558660	5561
ENST00000510223	2925
ENST00000527401	8954
ENST00000502854	1480
ENST00000546727	2561
ENST00000496783	1725
ENST00000558590	2772
ENST00000494471	1631
ENST00000494485	1855
ENST00000531223	572
ENST00000564946	2117
ENST00000527653	856
ENST00000495635	1874
ENST00000497545	4375
ENST00000524751	895
ENST00000529098	2532
ENST00000503074	6246
ENST00000510282	1414
ENST00000527763	1728
ENST00000554420	1394
ENST00000503042	3540
ENST00000527315	5880
ENST00000562272	4135
ENST00000541143	7085
ENST00000551981	2797
ENST00000560573	2698
ENST00000551706	984
ENST00000559551	2060
ENST00000514644	2225
ENST00000564846	1762
ENST00000530015	5875
ENST00000515666	2141
ENST00000534032	982
ENST00000521942	1991
ENST00000504260	2424
ENST00000506319	4043
ENST00000529658	2272
ENST00000555234	811
ENST00000553943	736
ENST00000545801	1281
ENST00000519690	3119
ENST00000511886	2437
ENST00000513495	600
ENST00000493453	6020
ENST00000525980	2274
ENST00000496015	1248
ENST00000560999	1602
ENST00000552565	2287
ENST00000539841	7578
ENST00000552099	1694
ENST00000493849	2715
ENST00000533077	3453
ENST00000555122	18335
ENST00000564158	6049
ENST00000533730	1214
ENST00000541627	2105
ENST00000526183	4311
ENST00000537450	1318
ENST00000555650	1588
ENST00000560603	1881
ENST00000557005	5804
ENST00000526146	2643
ENST00000493337	1986
ENST00000494730	6082
ENST00000548855	4734
ENST00000529404	2379
ENST00000542095	2385
ENST00000561643	3271
ENST00000525164	816
ENST00000522051	4680
ENST00000552252	1364
ENST00000565483	846
ENST00000496157	3585
ENST00000563648	754
ENST00000503463	750
ENST00000526920	1151
ENST00000527211	3679
ENST00000523439	2403
ENST00000496071	1150
ENST00000495826	4695
ENST00000522899	1778
ENST00000515433	4661
ENST00000509714	1549
ENST00000525355	559
ENST00000554334	2622
ENST00000531825	3403
ENST00000531393	2304
ENST00000545913	10799
ENST00000533402	8475
ENST00000549548	1698
ENST00000564397	3286
ENST00000514698	2185
ENST00000566556	2795
ENST00000495288	986
ENST00000549820	2370
ENST00000514731	1371
ENST00000565281	2305
ENST00000494365	2499
ENST00000536693	1654
ENST00000494398	2391
ENST00000495874	2813
ENST00000546006	1533
ENST00000497390	2434
ENST00000535516	2313
ENST00000497643	1395
ENST00000549335	7403
ENST00000537797	1080
ENST00000558995	2772
ENST00000523288	4552
ENST00000554577	5276
ENST00000527715	3693
ENST00000498141	852
ENST00000533223	5690
ENST00000519115	812
ENST00000547863	1662
ENST00000563680	755
ENST00000565031	958
ENST00000564709	2316
ENST00000548386	2283
ENST00000496524	10006
ENST00000539934	2240
ENST00000515766	3136
ENST00000527370	3712
ENST00000556631	5299
ENST00000563067	1646
ENST00000563983	3403
ENST00000553838	1132
ENST00000505081	2949
ENST00000526043	2444
ENST00000566479	2715
ENST00000530737	834
ENST00000496420	5333
ENST00000556808	4178
ENST00000543430	1436
ENST00000494909	2904
ENST00000497314	2321
ENST00000526246	4416
ENST00000524043	1388
ENST00000498414	1492
ENST00000546583	2862
ENST00000498392	2362
ENST00000555222	2185
ENST00000496254	2118
ENST00000529209	3079
ENST00000515373	456
ENST00000496229	4500
ENST00000561775	1396
ENST00000502406	1477
ENST00000558516	1172
ENST00000496300	1569
ENST00000507258	3983
ENST00000539643	1988
ENST00000493637	6710
ENST00000493076	4599
ENST00000556027	3951
ENST00000538503	6676
ENST00000550150	3244
ENST00000493306	2706
ENST00000554655	3377
ENST00000559694	4319
ENST00000561050	1856
ENST00000533453	3584
ENST00000507937	2393
ENST00000499638	3145
ENST00000546621	1513
ENST00000528173	5737
ENST00000497556	2442
ENST00000560998	1997
ENST00000559057	688
ENST00000547842	554
ENST00000557582	2600
ENST00000563005	1002
ENST00000493205	3473
ENST00000556701	3157
ENST00000529565	4745
ENST00000543406	4579
ENST00000528693	2391
ENST00000556704	1299
ENST00000538236	1176
ENST00000506157	5179
ENST00000525076	3502
ENST00000498081	1738
ENST00000524859	5240
ENST00000511502	3326
ENST00000493997	6320
ENST00000502632	1509
ENST00000503890	3932
ENST00000493886	2942
ENST00000547344	2474
ENST00000534590	787
ENST00000512045	3926
ENST00000551692	3453
ENST00000509957	4282
ENST00000556096	1731
ENST00000536241	1490
ENST00000552478	5436
ENST00000530650	2094
ENST00000505068	3561
ENST00000519031	1839
ENST00000519583	3462
ENST00000564233	3749
ENST00000540394	3501
ENST00000494122	1757
ENST00000526223	3415
ENST00000536140	3226
ENST00000509196	3839
ENST00000502913	1949
ENST00000530101	2416
ENST00000527919	2409
ENST00000534119	2281
ENST00000557627	1081
ENST00000549154	4078
ENST00000497493	5648
ENST00000524250	3105
ENST00000523334	4810
ENST00000563368	755
ENST00000530010	4798
ENST00000505306	5479
ENST00000557099	1351
ENST00000514705	4445
ENST00000555896	927
ENST00000556140	4419
ENST00000495458	1608
ENST00000549307	3870
ENST00000523606	3210
ENST00000513106	3783
ENST00000528751	1344
ENST00000559588	3537
ENST00000549085	527
ENST00000493137	1950
ENST00000557829	2192
ENST00000523577	3003
ENST00000552801	1397
ENST00000507685	1938
ENST00000565603	995
ENST00000502362	2611
ENST00000504323	4156
ENST00000565550	898
ENST00000531735	4754
ENST00000549755	2339
ENST00000556754	2573
ENST00000559928	1660
ENST00000503782	1854
ENST00000518746	3870
ENST00000533705	6055
ENST00000528087	1701
ENST00000556729	5318
ENST00000514183	1439
ENST00000525433	4065
ENST00000551305	1356
ENST00000524683	2391
ENST00000566447	511
ENST00000534591	1503
ENST00000563668	1509
ENST00000495002	956
ENST00000534525	3994
ENST00000534080	1379
ENST00000565609	2560
ENST00000497879	2131
ENST00000494025	2065
ENST00000565807	935
ENST00000560565	1275
ENST00000556219	4859
ENST00000498173	1589
ENST00000528533	3164
ENST00000555737	3157
ENST00000525490	6304
ENST00000529638	1570
ENST00000514623	3108
ENST00000552168	1918
ENST00000530298	3052
ENST00000523631	2016
ENST00000515458	2836
ENST00000518485	656
ENST00000504920	2195
ENST00000495991	1319
ENST00000494484	2149
ENST00000558383	6641
ENST00000493449	2104
ENST00000534433	1032
ENST00000563829	3162
ENST00000513750	2768
ENST00000549178	971
ENST00000535852	2471
ENST00000564007	902
ENST00000496283	4193
ENST00000550265	1549
ENST00000503766	2999
ENST00000566083	1409
ENST00000547260	4758
ENST00000534038	871
ENST00000527082	1262
ENST00000563957	2738
ENST00000565396	4457
ENST00000564768	2236
ENST00000533635	4473
ENST00000557589	2784
ENST00000536234	1748
ENST00000553651	5583
ENST00000514335	2948
ENST00000519589	3464
ENST00000511802	4734
ENST00000510241	2801
ENST00000562074	571
ENST00000533086	4248
ENST00000565092	2740
ENST00000564208	3810
ENST00000562881	6701
ENST00000547020	5627
ENST00000564430	2558
ENST00000495330	2214
ENST00000552790	3834
ENST00000505256	3519
ENST00000550448	1174
ENST00000556356	5114
ENST00000563518	3444
ENST00000510590	3509
ENST00000530761	2271
ENST00000543561	3419
ENST00000528977	2385
ENST00000552176	1485
ENST00000494995	2406
ENST00000495718	1947
ENST00000507297	3200
ENST00000553629	1301
ENST00000531497	3822
ENST00000531679	3053
ENST00000497856	1779
ENST00000517413	4303
ENST00000498020	4569
ENST00000544268	2412
ENST00000525586	4865
ENST00000533927	2026
ENST00000523485	2705
ENST00000536038	1883
ENST00000493673	1650
ENST00000496039	2072
ENST00000495393	3429
ENST00000528826	3199
ENST00000545247	783
ENST00000538423	816
ENST00000497869	1707
ENST00000547643	1373
ENST00000498611	5274
ENST00000508930	3834
ENST00000554139	858
ENST00000531759	2633
ENST00000552527	5815
ENST00000534089	699
ENST00000494465	2365
ENST00000532683	6848
ENST00000557815	7809
ENST00000494302	2667
ENST00000515564	6552
ENST00000510007	1538
ENST00000498232	1339
ENST00000512606	2077
ENST00000506507	4532
ENST00000517974	594
ENST00000545213	3010
ENST00000562609	2824
ENST00000494315	989
ENST00000557927	5039
ENST00000522870	1599
ENST00000530013	3740
ENST00000542286	2767
ENST00000545137	2324
ENST00000533407	1391
ENST00000554879	4431
ENST00000543128	1829
ENST00000498694	2855
ENST00000549648	2345
ENST00000558609	1081
ENST00000563200	1447
ENST00000507723	1018
ENST00000531905	3420
ENST00000553041	6109
ENST00000498171	3661
ENST00000557366	3829
ENST00000502256	923
ENST00000513599	1099
ENST00000496483	1950
ENST00000498057	5297
ENST00000529346	1718
ENST00000542371	768
ENST00000540470	4603
ENST00000553882	2903
ENST00000537802	3225
ENST00000534720	1915
ENST00000496418	3684
ENST00000563666	1603
ENST00000565157	2133
ENST00000515035	5240
ENST00000548511	3079
ENST00000519868	4361
ENST00000534434	1696
ENST00000538061	1078
ENST00000513447	844
ENST00000531065	1548
ENST00000509552	2304
ENST00000493108	2202
ENST00000531776	3591
ENST00000566392	4186
ENST00000565881	1565
ENST00000495813	1784
ENST00000533093	3877
ENST00000562680	5733
ENST00000557552	8396
ENST00000565793	4249
ENST00000545932	3685
ENST00000552468	2538
ENST00000533627	3241
ENST00000547226	2642
ENST00000510358	1573
ENST00000554805	3481
ENST00000555901	2023
ENST00000548462	3032
ENST00000518694	3370
ENST00000502908	2552
ENST00000524965	1336
ENST00000525294	916
ENST00000552077	3293
ENST00000532896	1676
ENST00000511829	3794
ENST00000543839	1069
ENST00000564661	1174
ENST00000552459	3664
ENST00000554812	1279
ENST00000525022	675
ENST00000557357	581
ENST00000556083	4674
ENST00000496668	583
ENST00000517754	2357
ENST00000530565	2940
ENST00000495333	1849
ENST00000496353	2428
ENST00000525599	1403
ENST00000510626	14438
ENST00000497497	4125
ENST00000517958	3149
ENST00000524846	3462
ENST00000525065	1828
ENST00000526423	1377
ENST00000535028	4933
ENST00000533320	2033
ENST00000533676	5314
ENST00000565070	1853
ENST00000532383	6769
ENST00000539508	6574
ENST00000495919	2165
ENST00000515066	1670
ENST00000548863	737
ENST00000495270	1662
ENST00000498649	1044
ENST00000493537	2149
ENST00000550851	4095
ENST00000514589	2443
ENST00000515226	4435
ENST00000536374	2975
ENST00000561533	782
ENST00000539605	10890
ENST00000532074	1008
ENST00000545511	6646
ENST00000544182	1542
ENST00000550627	2264
ENST00000495142	4499
ENST00000562648	2531
ENST00000531879	2922
ENST00000532085	5862
ENST00000498841	3122
ENST00000547813	1024
ENST00000530238	1817
ENST00000496676	3020
ENST00000497328	4803
ENST00000524227	3825
ENST00000558352	1031
ENST00000513162	4250
ENST00000545038	2357
ENST00000494835	5157
ENST00000527167	1712
ENST00000504041	2165
ENST00000518686	2897
ENST00000555762	5573
ENST00000505944	865
ENST00000540059	1719
ENST00000531290	1135
ENST00000543701	5899
ENST00000498082	3048
ENST00000538079	2587
ENST00000496031	2772
ENST00000528029	4129
ENST00000551625	2450
ENST00000493339	2987
ENST00000558522	1074
ENST00000533675	4761
ENST00000546200	2256
ENST00000521436	1840
ENST00000498342	2461
ENST00000493560	1963
ENST00000497897	1562
ENST00000528691	4491
ENST00000548477	2053
ENST00000524109	3142
ENST00000535653	2468
ENST00000554944	969
ENST00000548021	724
ENST00000528142	1821
ENST00000533687	1069
ENST00000561273	2027
ENST00000494616	1330
ENST00000558624	2627
ENST00000509683	1078
ENST00000556716	2718
ENST00000526093	930
ENST00000564161	4654
ENST00000492958	583
ENST00000547519	1655
ENST00000520114	3448
ENST00000551051	2733
ENST00000531819	4520
ENST00000510035	1239
ENST00000528694	2440
ENST00000494457	4027
ENST00000565010	1952
ENST00000564128	2673
ENST00000510955	880
ENST00000508290	592
ENST00000527832	1597
ENST00000493242	2819
ENST00000497699	1884
ENST00000560975	2855
ENST00000564630	2079
ENST00000547912	674
ENST00000555093	5356
ENST00000497347	4700
ENST00000557229	992
ENST00000497886	3248
ENST00000558602	2217
ENST00000494253	2848
ENST00000497341	3448
ENST00000523674	2307
ENST00000559647	1747
ENST00000512826	4226
ENST00000529756	830
ENST00000497273	2071
ENST00000532094	5487
ENST00000526275	2626
ENST00000527449	3469
ENST00000562621	4576
ENST00000522843	764
ENST00000529480	3546
ENST00000541345	1820
ENST00000532091	2301
ENST00000556170	3975
ENST00000547892	3844
ENST00000531840	5235
ENST00000549498	1368
ENST00000544090	2747
ENST00000553578	4035
ENST00000527356	1781
ENST00000495860	1180
ENST00000521835	3157
ENST00000554467	3416
ENST00000562627	6093
ENST00000546953	3175
ENST00000563741	1746
ENST00000504717	1233
ENST00000525781	2391
ENST00000531473	2220
ENST00000557706	1828
ENST00000497128	914
ENST00000559619	448
ENST00000495007	1215
ENST00000534054	1465
ENST00000510830	2455
ENST00000521620	3593
ENST00000494396	2062
ENST00000519402	5869
ENST00000557026	5177
ENST00000525051	1685
ENST00000526037	775
ENST00000526770	1748
ENST00000546792	686
ENST00000565728	1623
ENST00000512594	2756
ENST00000563229	3060
ENST00000496898	4017
ENST00000564068	4204
ENST00000563665	1414
ENST00000557266	2110
ENST00000549770	622
ENST00000503473	2279
ENST00000505125	3180
ENST00000530983	2337
ENST00000534564	2767
ENST00000497613	6607
ENST00000523531	2320
ENST00000562395	1004
ENST00000524501	2922
ENST00000543543	1796
ENST00000507765	3655
ENST00000552645	1623
ENST00000552953	1673
ENST00000529207	811
ENST00000565011	886
ENST00000558284	1586
ENST00000514352	493
ENST00000564704	4617
ENST00000512858	1554
ENST00000495342	813
ENST00000502490	798
ENST00000527826	837
ENST00000529976	4684
ENST00000493232	5360
ENST00000533387	3197
ENST00000532584	708
ENST00000540562	3064
ENST00000560980	1443
ENST00000548526	3319
ENST00000506603	4562
ENST00000565298	4727
ENST00000507059	5414
ENST00000564426	1922
ENST00000529821	4504
ENST00000545886	4346
ENST00000561334	2789
ENST00000503078	2375
ENST00000547685	2016
ENST00000550946	1394
ENST00000496303	2611
ENST00000529868	2870
ENST00000530384	1196
ENST00000553865	5627
ENST00000497693	4762
ENST00000533005	1655
ENST00000536617	1616
ENST00000540597	3744
ENST00000553557	2607
ENST00000527081	2061
ENST00000564798	5062
ENST00000503461	1401
ENST00000561164	2619
ENST00000517917	1731
ENST00000554270	4008
ENST00000527871	1243
ENST00000514900	3249
ENST00000529265	1421
ENST00000495441	6366
ENST00000492963	3187
ENST00000507485	1526
ENST00000523599	4188
ENST00000493837	3769
ENST00000541010	5228
ENST00000525232	1007
ENST00000534617	905
ENST00000551944	3889
ENST00000512231	2768
ENST00000533807	1941
ENST00000530791	837
ENST00000549857	2343
ENST00000563604	2076
ENST00000544487	2114
ENST00000565902	688
ENST00000512009	5994
ENST00000631693	5725
ENST00000621581	5546
ENST00000620038	1560
ENST00000586361	1399
ENST00000646507	3119
ENST00000582478	3107
ENST00000673211	1991
ENST00000582482	2455
ENST00000622271	3387
ENST00000573440	4878
ENST00000588254	3085
ENST00000637684	2168
ENST00000635201	2257
ENST00000646951	2192
ENST00000643961	2337
ENST00000573674	2490
ENST00000678082	3799
ENST00000635086	2539
ENST00000588420	2362
ENST00000645937	4216
ENST00000637457	2815
ENST00000678796	1938
ENST00000632109	4226
ENST00000578955	2882
ENST00000578643	3371
ENST00000678492	4546
ENST00000677392	7125
ENST00000656306	1602
ENST00000676602	5298
ENST00000595071	2947
ENST00000645561	5340
ENST00000678317	2562
ENST00000677745	2550
ENST00000646196	5493
ENST00000595881	2681
ENST00000678050	5703
ENST00000643214	2643
ENST00000594364	655
ENST00000589111	2290
ENST00000643377	3133
ENST00000677826	3242
ENST00000634897	1007
ENST00000675270	3460
ENST00000639899	8173
ENST00000677977	4330
ENST00000602599	6366
ENST00000677750	6484
ENST00000595245	3261
ENST00000573956	2136
ENST00000647985	4505
ENST00000577240	743
ENST00000591490	4339
ENST00000648170	1372
ENST00000677411	2667
ENST00000611622	4226
ENST00000618597	3013
ENST00000676758	4579
ENST00000629400	3352
ENST00000633178	1685
ENST00000578999	1228
ENST00000677766	4895
ENST00000617310	4291
ENST00000582276	546
ENST00000614307	3550
ENST00000594213	1002
ENST00000677075	4469
ENST00000602519	997
ENST00000585896	1843
ENST00000676668	3218
ENST00000677462	3333
ENST00000590548	2016
ENST00000636839	2018
ENST00000572330	5299
ENST00000677244	3478
ENST00000643294	2754
ENST00000676489	4735
ENST00000675752	4078
ENST00000636991	2403
ENST00000575844	968
ENST00000678781	5430
ENST00000678397	4142
ENST00000587695	1956
ENST00000647491	2788
ENST00000633952	2220
ENST00000647155	3622
ENST00000576093	1894
ENST00000585553	2241
ENST00000649629	3087
ENST00000647533	3082
ENST00000643149	4117
ENST00000677199	1767
ENST00000677048	2345
ENST00000594723	5756
ENST00000588980	2018
ENST00000571829	2889
ENST00000640892	2036
ENST00000636426	1489
ENST00000625637	6986
ENST00000678394	3712
ENST00000626189	3559
ENST00000676181	8291
ENST00000672105	2134
ENST00000567229	2003
ENST00000580953	2082
ENST00000676500	2860
ENST00000585058	5824
ENST00000676653	2524
ENST00000566611	3854
ENST00000602860	1858
ENST00000630304	2571
ENST00000646401	3644
ENST00000677193	6192
ENST00000646777	3787
ENST00000583204	2452
ENST00000626146	2571
ENST00000677508	5953
ENST00000678691	4190
ENST00000674982	3581
ENST00000568763	2809
ENST00000612642	4745
ENST00000647193	882
ENST00000631962	7246
ENST00000678709	3395
ENST00000632504	1898
ENST00000650948	5088
ENST00000675872	4569
ENST00000612233	2980
ENST00000600997	2275
ENST00000569994	2156
ENST00000642021	2794
ENST00000594958	601
ENST00000585420	1730
ENST00000633424	2793
ENST00000602588	1873
ENST00000587483	3686
ENST00000674368	7455
ENST00000678185	3312
ENST00000593017	1245
ENST00000575643	666
ENST00000678694	4482
ENST00000677757	11945
ENST00000646418	2170
ENST00000643437	4773
ENST00000647234	4228
ENST00000613634	1109
ENST00000645579	2292
ENST00000642943	4802
ENST00000645461	2634
ENST00000606952	1275
ENST00000579222	1637
ENST00000620826	1524
ENST00000649146	3237
ENST00000637268	2855
ENST00000598803	1872
ENST00000678177	4906
ENST00000672059	1881
ENST00000678310	3682
ENST00000569997	3946
ENST00000574857	3885
ENST00000665483	5569
ENST00000601803	1550
ENST00000592102	1976
ENST00000643642	5361
ENST00000675748	7210
ENST00000594661	2111
ENST00000677692	5925
ENST00000672388	2610
ENST00000617806	4865
ENST00000647299	3416
ENST00000586667	3259
ENST00000581230	3558
ENST00000614595	2268
ENST00000595601	1282
ENST00000638136	1857
ENST00000587044	6215
ENST00000611981	1223
ENST00000631474	572
ENST00000669432	10750
ENST00000570001	4828
ENST00000642313	2627
ENST00000676726	2197
ENST00000610718	3387
ENST00000614254	722
ENST00000600655	999
ENST00000644882	7263
ENST00000642722	4989
ENST00000650495	6799
ENST00000678614	2407
ENST00000593859	992
ENST00000678752	2585
ENST00000639748	6004
ENST00000622126	1304
ENST00000573286	5437
ENST00000673588	852
ENST00000628843	2571
ENST00000586113	2182
ENST00000569558	3856
ENST00000675325	7533
ENST00000589488	1571
ENST00000569825	1763
ENST00000650793	1335
ENST00000644281	3728
ENST00000579014	10374
ENST00000627905	5803
ENST00000645226	1721
ENST00000625630	3525
ENST00000600027	944
ENST00000599363	1828
ENST00000637609	4981
ENST00000673753	5707
ENST00000577417	1839
ENST00000568777	6909
ENST00000569862	2957
ENST00000636810	3754
ENST00000649236	1627
ENST00000575919	2385
ENST00000601984	2604
ENST00000678512	6632
ENST00000580026	4908
ENST00000642766	5528
ENST00000646005	2796
ENST00000675363	7789
ENST00000676466	2650
ENST00000628462	3109
ENST00000677399	2598
ENST00000676535	2250
ENST00000580706	2948
ENST00000677173	2645
ENST00000642272	2320
ENST00000666447	4534
ENST00000627397	1501
ENST00000639702	5914
ENST00000618939	4537
ENST00000582436	5697
ENST00000677736	2508
ENST00000644794	4842
ENST00000586112	591
ENST00000602564	3695
ENST00000574710	2176
ENST00000640752	5955
ENST00000613750	1151
ENST00000647693	5462
ENST00000675413	5301
ENST00000613977	5256
ENST00000619483	2740
ENST00000574429	2100
ENST00000617371	541
ENST00000637088	6740
ENST00000610443	4505
ENST00000678547	6995
ENST00000591330	2387
ENST00000602174	643
ENST00000676215	4108
ENST00000674818	3080
ENST00000631328	2358
ENST00000589362	1830
ENST00000630091	3071
ENST00000678197	2906
ENST00000612029	4517
ENST00000653635	5979
ENST00000569977	1215
ENST00000632889	4406
ENST00000677577	4782
ENST00000677331	4144
ENST00000674901	5478
ENST00000642782	4380
ENST00000586585	2555
ENST00000601350	687
ENST00000586644	3266
ENST00000567868	1628
ENST00000573023	3649
ENST00000628942	1874
ENST00000654144	2954
ENST00000672230	2611
ENST00000650580	2406
ENST00000675967	4366
ENST00000633378	3281
ENST00000578297	760
ENST00000676708	2865
ENST00000675534	7750
ENST00000678369	3086
ENST00000591991	3471
ENST00000677644	939
ENST00000637982	2330
ENST00000677585	2532
ENST00000593157	2127
ENST00000611345	1941
ENST00000586319	936
ENST00000674743	2446
ENST00000572240	3202
ENST00000572144	2360
ENST00000590803	2821
ENST00000629786	3013
ENST00000678114	4445
ENST00000583085	3685
ENST00000578441	781
ENST00000649622	9943
ENST00000638689	4314
ENST00000635257	5602
ENST00000615340	4074
ENST00000646822	5071
ENST00000617022	2181
ENST00000674739	6395
ENST00000676865	1903
ENST00000613723	1560
ENST00000677192	6181
ENST00000678358	4052
ENST00000646551	3016
ENST00000643479	3640
ENST00000675632	3791
ENST00000590278	3278
ENST00000572172	1534
ENST00000586372	4133
ENST00000617960	5224
ENST00000622291	3367
ENST00000642597	4327
ENST00000677344	4036
ENST00000677076	2810
ENST00000636871	2076
ENST00000677811	2695
ENST00000638604	2377
ENST00000635916	4878
ENST00000626984	6532
ENST00000675233	7403
ENST00000633335	6877
ENST00000585416	2034
ENST00000598820	2615
ENST00000568900	2253
ENST00000584212	465
ENST00000678149	6122
ENST00000635772	2768
ENST00000589752	804
ENST00000585403	1068
ENST00000647532	8373
ENST00000677205	2369
ENST00000677722	3359
ENST00000676800	2366
ENST00000592072	1613
ENST00000650853	4528
ENST00000678658	4088
ENST00000655421	7929
ENST00000616039	2154
ENST00000671822	3823
ENST00000589505	1244
ENST00000594962	4343
ENST00000677991	2758
ENST00000613673	4564
ENST00000632381	2405
ENST00000567409	1146
ENST00000676523	2849
ENST00000615908	2154
ENST00000677925	2387
ENST00000678363	6384
ENST00000578114	4427
ENST00000677212	4977
ENST00000638952	5678
ENST00000648715	7254
ENST00000675588	2068
ENST00000602082	894
ENST00000672586	2172
ENST00000647021	3472
ENST00000677330	3358
ENST00000678001	2078
ENST00000570390	1002
ENST00000573126	2728
ENST00000645663	1096
ENST00000631449	2051
ENST00000676429	10045
ENST00000648768	2862
ENST00000677471	1934
ENST00000568102	3660
ENST00000678371	2606
ENST00000632907	6545
ENST00000677485	6737
ENST00000665338	5239
ENST00000678208	2919
ENST00000673170	1673
ENST00000642754	6270
ENST00000636977	2969
ENST00000617860	3497
ENST00000678110	5208
ENST00000637954	3593
ENST00000591563	4382
ENST00000678239	2117
ENST00000645419	3092
ENST00000646454	1060
ENST00000643170	2772
ENST00000595014	2301
ENST00000647095	5492
ENST00000652375	3016
ENST00000612132	5546
ENST00000674836	6189
ENST00000585968	2762
ENST00000635427	506
ENST00000595792	645
ENST00000650503	6468
ENST00000591789	682
ENST00000676121	7404
ENST00000643690	573
ENST00000596477	865
ENST00000678211	4123
ENST00000647718	5369
ENST00000576012	3292
ENST00000677986	3441
ENST00000673314	5861
ENST00000586558	1127
ENST00000677160	3592
ENST00000586704	2538
ENST00000676684	3629
ENST00000637320	1678
ENST00000638069	3068
ENST00000643993	1914
ENST00000677783	6469
ENST00000629755	4208
ENST00000640798	4001
ENST00000648087	5085
ENST00000569626	2835
ENST00000615386	10433
ENST00000676576	2765
ENST00000634669	2290
ENST00000673619	2550
ENST00000567034	2891
ENST00000588598	5425
ENST00000678272	2356
ENST00000639667	3940
ENST00000570577	1962
ENST00000643212	2922
ENST00000676389	5780
ENST00000577142	2343
ENST00000677775	3278
ENST00000622272	2846
ENST00000676607	1881
ENST00000570910	1856
ENST00000621578	1837
ENST00000614395	1886
ENST00000675356	3065
ENST00000639858	3196
ENST00000572214	2141
ENST00000622155	5519
ENST00000617360	2051
ENST00000676683	3878
ENST00000597607	1164
ENST00000578517	2605
ENST00000649381	3438
ENST00000649202	2374
ENST00000678312	2493
ENST00000643722	4102
ENST00000675628	9590
ENST00000592915	1955
ENST00000591270	2163
ENST00000677748	4109
ENST00000675080	4780
ENST00000568300	1915
ENST00000622003	794
ENST00000645591	3488
ENST00000585044	4327
ENST00000586944	4661
ENST00000582821	1018
ENST00000647263	2027
ENST00000672162	2792
ENST00000574085	2644
ENST00000588238	4598
ENST00000649064	4095
ENST00000676622	2514
ENST00000678328	2451
ENST00000643908	1998
ENST00000678486	4547
ENST00000628720	1135
ENST00000678119	2350
ENST00000635983	6506
ENST00000590168	2665
ENST00000648486	3942
ENST00000676852	4509
ENST00000677343	1809
ENST00000671948	2435
ENST00000652476	2247
ENST00000678361	3718
ENST00000603513	2368
ENST00000627279	6453
ENST00000646595	1499
ENST00000677492	3956
ENST00000643442	3632
ENST00000673160	2740
ENST00000633770	5256
ENST00000595138	1916
ENST00000647242	2749
ENST00000583582	1350
ENST00000677050	2428
ENST00000677649	3892
ENST00000589644	1917
ENST00000583079	6399
ENST00000676909	3663
ENST00000644665	3604
ENST00000599167	1133
ENST00000639832	2564
ENST00000587938	3695
ENST00000575963	1600
ENST00000645586	3996
ENST00000624739	4715
ENST00000634724	754
ENST00000583454	733
ENST00000597145	4257
ENST00000652223	3414
ENST00000675237	5503
ENST00000636964	3335
ENST00000642973	1821
ENST00000676026	2316
ENST00000633620	4505
ENST00000645723	3019
ENST00000677834	2386
ENST00000643693	3406
ENST00000667055	1785
ENST00000677643	2195
ENST00000602574	2290
ENST00000579898	2596
ENST00000604400	2613
ENST00000675877	7418
ENST00000677686	5944
ENST00000581339	888
ENST00000672297	3501
ENST00000588498	690
ENST00000678735	4025
ENST00000672133	2324
ENST00000578942	3189
ENST00000596333	1599
ENST00000592516	696
ENST00000639491	2971
ENST00000675003	5083
ENST00000584819	1146
ENST00000568636	3098
ENST00000585695	1121
ENST00000596686	2499
ENST00000590883	1717
ENST00000678106	2075
ENST00000645305	3312
ENST00000608461	587
ENST00000676987	4654
ENST00000604929	2035
ENST00000678356	3933
ENST00000641909	2254
ENST00000678433	2512
ENST00000590818	2422
ENST00000632601	3497
ENST00000619345	1874
ENST00000568495	1098
ENST00000635936	2223
ENST00000678188	8033
ENST00000645206	7314
ENST00000651658	3055
ENST00000678052	3111
ENST00000656114	3220
ENST00000675272	7183
ENST00000677349	2092
ENST00000588315	1409
ENST00000597553	2218
ENST00000677617	4125
ENST00000573095	828
ENST00000678113	8930
ENST00000598072	651
ENST00000651214	3946
ENST00000570306	4533
ENST00000649684	3665
ENST00000672286	2032
ENST00000569406	3591
ENST00000677738	5836
ENST00000643542	3581
ENST00000646278	3381
ENST00000678729	4237
ENST00000674383	9724
ENST00000676495	3909
ENST00000622508	1600
ENST00000678539	4104
ENST00000646421	3550
ENST00000588321	1310
ENST00000589179	1707
ENST00000625663	2406
ENST00000677270	2680
ENST00000572671	656
ENST00000582118	560
ENST00000590064	4250
ENST00000590901	2562
ENST00000650845	6431
ENST00000645977	4168
ENST00000597304	2612
ENST00000587730	1813
ENST00000677054	3047
ENST00000578491	3815
ENST00000644307	4605
ENST00000643700	4667
ENST00000596662	584
ENST00000646383	2160
ENST00000672004	2437
ENST00000677185	3185
ENST00000674468	2740
ENST00000638743	1208
ENST00000637014	2626
ENST00000643279	2845
ENST00000651805	4721
ENST00000635889	2260
ENST00000651967	3442
ENST00000676424	7412
ENST00000638092	2448
ENST00000588404	2749
ENST00000638680	5817
ENST00000673469	1956
ENST00000674848	3699
ENST00000678410	2626
ENST00000677057	4543
ENST00000604175	1170
ENST00000607814	3693
ENST00000567998	7948
ENST00000674802	1981
ENST00000627778	2341
ENST00000675943	9191
ENST00000666943	4763
ENST00000651078	4985
ENST00000572819	1345
ENST00000678613	4027
ENST00000675862	6775
ENST00000607212	2153
ENST00000585550	1643
ENST00000568712	3178
ENST00000675024	5511
ENST00000678606	2478
ENST00000678700	2518
ENST00000604566	1358
ENST00000641236	2481
ENST00000674218	9858
ENST00000677856	2019
ENST00000649583	2788
ENST00000672467	7173
ENST00000676086	7361
ENST00000675986	3808
ENST00000620805	3744
ENST00000645569	2641
ENST00000602490	2985
ENST00000649400	4750
ENST00000637884	8233
ENST00000647143	2554
ENST00000616380	4409
ENST00000673543	3534
ENST00000636709	7722
ENST00000644509	2569
ENST00000676011	7504
ENST00000593093	3528
ENST00000613988	1381
ENST00000588450	2858
ENST00000677593	2078
ENST00000677108	3659
ENST00000569972	836
ENST00000644538	1780
ENST00000644086	5276
ENST00000677358	1861
ENST00000677419	3043
ENST00000645267	680
ENST00000643729	2863
ENST00000664862	2238
ENST00000601680	1398
ENST00000611739	4314
ENST00000569830	1459
ENST00000677089	3322
ENST00000578267	582
ENST00000592618	1877
ENST00000642226	3110
ENST00000643052	4888
ENST00000677513	2589
ENST00000647506	5236
ENST00000611303	1497
ENST00000678810	5342
ENST00000593044	3070
ENST00000651941	8826
ENST00000577812	2598
ENST00000570439	4898
ENST00000600274	3439
ENST00000675886	8433
ENST00000593845	2749
ENST00000636831	8595
ENST00000678173	3692
ENST00000569308	3723
ENST00000675619	4929
ENST00000676475	3339
ENST00000586588	3094
ENST00000641146	4780
ENST00000569796	5931
ENST00000596455	2448
ENST00000677290	5834
ENST00000677506	6598
ENST00000580287	2609
ENST00000640735	2060
ENST00000674481	2533
ENST00000598375	1792
ENST00000673490	10569
ENST00000676902	2741
ENST00000639015	2174
ENST00000595800	1974
ENST00000647233	2754
ENST00000590152	2312
ENST00000676868	5845
ENST00000629222	3124
ENST00000618768	3723
ENST00000677860	2017
ENST00000643591	2950
ENST00000677455	3022
ENST00000572931	1651
ENST00000589087	2977
ENST00000587552	2816
ENST00000588348	2530
ENST00000646448	2519
ENST00000583850	903
ENST00000619250	1806
ENST00000591001	1768
ENST00000676136	5487
ENST00000636834	4589
ENST00000640172	2525
ENST00000635829	2479
ENST00000617485	946
ENST00000577083	3351
ENST00000587416	4093
ENST00000588965	1831
ENST00000678068	3517
ENST00000647286	4257
ENST00000568452	1616
ENST00000628625	1050
ENST00000651934	4772
ENST00000675334	4953
ENST00000671487	1754
ENST00000577194	478
ENST00000636633	5776
ENST00000614276	5240
ENST00000628592	2257
ENST00000580676	1023
ENST00000675647	6738
ENST00000675574	8092
ENST00000677110	6571
ENST00000677214	4291
ENST00000652091	4850
ENST00000585652	4433
ENST00000588681	2133
ENST00000576915	1161
ENST00000593504	5107
ENST00000678024	6142
ENST00000649777	2775
ENST00000569333	4913
ENST00000566637	1619
ENST00000596531	1419
ENST00000571351	1678
ENST00000640364	2840
ENST00000677519	2295
ENST00000645331	4649
ENST00000591753	2225
ENST00000676010	5864
ENST00000672564	5084
ENST00000673367	1275
ENST00000595822	2977
ENST00000615658	1937
ENST00000567696	2199
ENST00000645020	2290
ENST00000677374	5697
ENST00000589009	1522
ENST00000572703	964
ENST00000585554	1244
ENST00000626866	4381
ENST00000652136	3247
ENST00000676623	5614
ENST00000633648	3351
ENST00000639128	4547
ENST00000640411	3204
ENST00000648825	6478
ENST00000672614	5940
ENST00000678156	4302
ENST00000609229	4739
ENST00000676575	5031
ENST00000677669	4060
ENST00000593099	4664
ENST00000598936	870
ENST00000586864	751
ENST00000626072	6659
ENST00000582984	823
ENST00000607647	4518
ENST00000574283	687
ENST00000678817	3413
ENST00000572285	1240
ENST00000645256	2340
ENST00000672834	2077
ENST00000674198	6954
ENST00000582788	2004
ENST00000573832	573
ENST00000642611	6173
ENST00000575894	1728
ENST00000590627	1051
ENST00000568329	1552
ENST00000676165	4050
ENST00000650889	5052
ENST00000675112	2652
ENST00000676122	8764
ENST00000616295	1998
ENST00000676820	6055
ENST00000578167	1641
ENST00000573009	1317
ENST00000589409	706
ENST00000675852	6456
ENST00000585386	1500
ENST00000606066	2433
ENST00000570049	4754
ENST00000578515	2840
ENST00000614784	1411
ENST00000587673	1209
ENST00000606893	3372
ENST00000573090	741
ENST00000678074	5004
ENST00000643959	4540
ENST00000597360	3511
ENST00000675254	4438
ENST00000566600	913
ENST00000611691	3927
ENST00000678304	3982
ENST00000651127	9000
ENST00000675622	4965
ENST00000677866	2229
ENST00000571832	2511
ENST00000651889	1573
ENST00000643378	2832
ENST00000576723	2461
ENST00000634711	1159
ENST00000601592	575
ENST00000651457	5836
ENST00000678383	3019
ENST00000630855	1781
ENST00000595806	1659
ENST00000676969	4283
ENST00000633662	1643
ENST00000637319	3549
ENST00000640201	2103
ENST00000595467	1783
ENST00000662114	3463
ENST00000589351	4395
ENST00000646958	2931
ENST00000583108	2071
ENST00000646360	2867
ENST00000674751	8332
ENST00000567752	4321
ENST00000624805	535
ENST00000674969	4259
ENST00000585317	5718
ENST00000674410	3244
ENST00000619630	5545
ENST00000568188	2467
ENST00000579674	2468
ENST00000676514	3235
ENST00000643764	3314
ENST00000652590	2839
ENST00000619526	939
ENST00000678151	2007
ENST00000569380	1781
ENST00000678085	3325
ENST00000635214	4863
ENST00000574871	3150
ENST00000678071	3813
ENST00000673350	3520
ENST00000677966	5350
ENST00000635905	2791
ENST00000644147	2480
ENST00000647180	2617
ENST00000645952	2668
ENST00000640484	2266
ENST00000584850	2442
ENST00000636725	2677
ENST00000674525	883
ENST00000576826	1404
ENST00000641985	4858
ENST00000567662	2878
ENST00000677882	12586
ENST00000620624	6093
ENST00000597661	519
ENST00000637933	5043
ENST00000575282	5562
ENST00000593455	1532
ENST00000621358	1113
ENST00000632842	3462
ENST00000571240	2944
ENST00000631616	5867
ENST00000569675	2559
ENST00000678026	5979
ENST00000637340	4004
ENST00000644240	3377
ENST00000677281	1648
ENST00000675740	2107
ENST00000619469	2720
ENST00000673773	3855
ENST00000673827	4941
ENST00000583162	1066
ENST00000572221	5267
ENST00000578527	1735
ENST00000574137	969
ENST00000626864	1991
ENST00000595325	1132
ENST00000614796	1724
ENST00000615368	5884
ENST00000675618	2960
ENST00000646692	1336
ENST00000647302	3692
ENST00000575952	5741
ENST00000578975	3337
ENST00000643409	3475
ENST00000587411	2669
ENST00000675495	5412
ENST00000585269	1346
ENST00000593724	3979
ENST00000568491	2422
ENST00000600466	2903
ENST00000591006	2217
ENST00000576870	2848
ENST00000650610	4418
ENST00000671869	2520
ENST00000639250	3363
ENST00000645085	2397
ENST00000597778	3898
ENST00000674367	3500
ENST00000676750	2705
ENST00000674439	2298
ENST00000639074	4478
ENST00000648058	7430
ENST00000592279	2078
ENST00000585919	2079
ENST00000638632	9904
ENST00000568206	2018
ENST00000644443	4146
ENST00000582319	1369
ENST00000677615	2058
ENST00000626434	1998
ENST00000574735	1907
ENST00000678622	3233
ENST00000647602	5492
ENST00000676863	4293
ENST00000636616	1636
ENST00000572253	3962
ENST00000676778	4270
ENST00000568877	770
ENST00000590534	2676
ENST00000608763	2646
ENST00000589100	2303
ENST00000649419	2436
ENST00000571392	2165
ENST00000645875	1769
ENST00000677676	1503
ENST00000613005	3633
ENST00000678069	4343
ENST00000637442	4178
ENST00000643107	2720
ENST00000587942	2177
ENST00000666129	2312
ENST00000591248	1377
ENST00000646782	3703
ENST00000637914	3677
ENST00000633386	5256
ENST00000677238	3940
ENST00000570298	4708
ENST00000628965	2853
ENST00000597244	3871
ENST00000676048	5137
ENST00000591327	3255
ENST00000636435	4611
ENST00000673236	3377
ENST00000597963	737
ENST00000638488	2641
ENST00000651794	2309
ENST00000618368	5545
ENST00000678166	2299
ENST00000617816	2089
ENST00000678755	2821
ENST00000637994	2468
ENST00000603865	2678
ENST00000612779	1993
ENST00000650050	3193
ENST00000626860	4754
ENST00000631028	938
ENST00000585163	2519
ENST00000643289	1609
ENST00000616625	946
ENST00000677935	2204
ENST00000637765	2955
ENST00000573635	1898
ENST00000570802	3761
ENST00000678740	3391
ENST00000658083	3537
ENST00000599895	1045
ENST00000675984	4348
ENST00000646723	3594
ENST00000672316	1977
ENST00000647187	3108
ENST00000676871	2119
ENST00000617636	2729
ENST00000632594	2848
ENST00000652237	1144
ENST00000593262	1872
ENST00000631711	4754
ENST00000676081	3726
ENST00000644199	5158
ENST00000676305	7576
ENST00000569268	1168
ENST00000639788	2981
ENST00000675747	5523
ENST00000677103	2251
ENST00000591982	2187
ENST00000677621	6055
ENST00000621795	6455
ENST00000602101	4278
ENST00000644016	2008
ENST00000597312	1910
ENST00000589484	3414
ENST00000638715	2903
ENST00000579461	5782
ENST00000646886	6350
ENST00000626611	3391
ENST00000639657	4098
ENST00000636148	3865
ENST00000573151	660
ENST00000598472	497
ENST00000645859	1351
ENST00000586523	4547
ENST00000602622	2526
ENST00000588867	2000
ENST00000676962	2435
ENST00000573307	2396
ENST00000674798	4460
ENST00000678516	4241
ENST00000644205	3477
ENST00000674532	6030
ENST00000635617	3924
ENST00000593473	676
ENST00000678033	1621
ENST00000600395	846
ENST00000567007	2615
ENST00000581120	2304
ENST00000648090	4945
ENST00000619119	3158
ENST00000676798	3389
ENST00000622587	802
ENST00000589223	3357
ENST00000618450	4222
ENST00000678236	10096
ENST00000675403	4243
ENST00000650430	4729
ENST00000650964	543
ENST00000582147	4719
ENST00000650243	2551
ENST00000614000	4234
ENST00000618901	581
ENST00000645895	2052
ENST00000593775	720
ENST00000674341	3782
ENST00000647115	3537
ENST00000578767	577
ENST00000644886	2235
ENST00000584176	6516
ENST00000675094	3849
ENST00000592113	1548
ENST00000676817	2358
ENST00000631742	3723
ENST00000652606	1960
ENST00000675712	3182
ENST00000623073	11026
ENST00000576164	5732
ENST00000638263	4248
ENST00000672923	4130
ENST00000618120	2424
ENST00000674962	6004
ENST00000600866	1299
ENST00000583784	2886
ENST00000675959	4715
ENST00000568076	1968
ENST00000586616	2855
ENST00000637392	4615
ENST00000678107	2204
ENST00000676393	5376
ENST00000643521	1856
ENST00000569248	1853
ENST00000589085	2301
ENST00000589151	431
ENST00000573266	1960
ENST00000675767	5392
ENST00000583277	1578
ENST00000627318	5802
ENST00000567776	5589
ENST00000590271	1923
ENST00000676160	3545
ENST00000642418	3933
ENST00000674027	799
ENST00000646558	5001
ENST00000677168	2057
ENST00000587640	2097
ENST00000587179	804
ENST00000677127	2498
ENST00000644267	3382
ENST00000674471	7339
ENST00000596338	3993
ENST00000596900	1857
ENST00000665894	3279
ENST00000675968	4163
ENST00000674718	8000
ENST00000613620	581
ENST00000646911	1731
ENST00000589318	1903
ENST00000674474	4711
ENST00000678104	2025
ENST00000642321	2036
ENST00000590050	2537
ENST00000650702	3053
ENST00000566650	2818
ENST00000594338	1853
ENST00000619590	4329
ENST00000593158	752
ENST00000677578	4052
ENST00000580158	3338
ENST00000584168	2684
ENST00000676477	2049
ENST00000587569	6592
ENST00000628327	2571
ENST00000590311	8186
ENST00000674704	8661
ENST00000626054	2571
ENST00000571485	4553
ENST00000677159	2032
ENST00000572565	1308
ENST00000638050	1048
ENST00000574256	266
ENST00000616162	1560
ENST00000646330	1394
ENST00000678666	6679
ENST00000611753	1746
ENST00000589502	680
ENST00000569929	1051
ENST00000671897	4553
ENST00000678323	3596
ENST00000601685	2552
ENST00000671939	2535
ENST00000590834	2373
ENST00000631602	2213
ENST00000648821	3866
ENST00000592462	3189
ENST00000616812	2365
ENST00000651175	590
ENST00000648136	3913
ENST00000626412	2257
ENST00000678484	4263
ENST00000675587	3217
ENST00000604046	4349
ENST00000569504	2009
ENST00000575815	4096
ENST00000601089	2989
ENST00000676693	5965
ENST00000673713	1586
ENST00000583834	1993
ENST00000572418	2945
ENST00000678189	2722
ENST00000568469	1617
ENST00000677807	2191
ENST00000615064	2387
ENST00000570069	5613
ENST00000589604	1672
ENST00000645049	5936
ENST00000612875	2608
ENST00000569957	4469
ENST00000640553	2003
ENST00000608168	593
ENST00000649972	6573
ENST00000678705	5092
ENST00000574442	764
ENST00000649988	4338
ENST00000652911	4395
ENST00000678654	1345
ENST00000576917	1958
ENST00000676432	5542
ENST00000645516	4045
ENST00000586276	3678
ENST00000567143	3202
ENST00000592494	1121
ENST00000634620	5653
ENST00000568542	1865
ENST00000632212	4830
ENST00000616967	1435
ENST00000654013	3090
ENST00000582745	1096
ENST00000678764	5054
ENST00000632095	6093
ENST00000566824	1326
ENST00000571647	2401
ENST00000620451	5546
ENST00000633434	3265
ENST00000671962	3200
ENST00000592414	3274
ENST00000649308	3903
ENST00000649277	2378
ENST00000678802	4171
ENST00000589731	1568
ENST00000674688	4294
ENST00000595961	2576
ENST00000643421	1557
ENST00000579232	2277
ENST00000647717	6659
ENST00000645409	4271
ENST00000635045	3738
ENST00000599698	633
ENST00000592131	1912
ENST00000593174	1783
ENST00000566895	4663
ENST00000593460	3748
ENST00000646337	913
ENST00000678201	1824
ENST00000648207	6544
ENST00000584259	6340
ENST00000584445	2484
ENST00000677092	3280
ENST00000571644	4382
ENST00000583899	665
ENST00000677786	4129
ENST00000611593	3509
ENST00000649806	2028
ENST00000570453	5194
ENST00000672676	2441
ENST00000584711	1365
ENST00000675107	3117
ENST00000585004	1501
ENST00000650506	5725
ENST00000678496	4975
ENST00000633720	5732
ENST00000637832	701
ENST00000639354	2798
ENST00000571613	1688
ENST00000636978	1613
ENST00000629192	1792
ENST00000566821	3024
ENST00000677529	3584
ENST00000612227	2846
ENST00000627352	805
ENST00000672820	1843
ENST00000678248	3221
ENST00000645522	4256
ENST00000629390	2566
ENST00000646512	1907
ENST00000633172	536
ENST00000647223	8056
ENST00000573309	3366
ENST00000678041	1617
ENST00000672650	823
ENST00000677223	2708
ENST00000566823	1898
ENST00000573338	927
ENST00000632775	5363
ENST00000621647	1649
ENST00000645621	8941
ENST00000592065	2539
ENST00000674390	2682
ENST00000677741	2459
ENST00000677916	3947
ENST00000615803	3386
ENST00000649814	3084
ENST00000677365	2446
ENST00000612717	1788
ENST00000604367	2412
ENST00000644456	3162
ENST00000646940	4649
ENST00000598255	909
ENST00000584063	2759
ENST00000678536	2739
ENST00000647476	4252
ENST00000676819	4285
ENST00000621470	671
ENST00000595288	4555
ENST00000616750	864
ENST00000640381	2259
ENST00000643998	1997
ENST00000592555	1360
ENST00000582326	5340
ENST00000640804	2627
ENST00000644831	3620
ENST00000578676	1078
ENST00000677322	2832
ENST00000678287	3052
ENST00000589582	1726
ENST00000677154	6432
ENST00000592208	4693
ENST00000594346	2692
ENST00000675400	7426
ENST00000612466	541
ENST00000578175	2276
ENST00000673295	4898
ENST00000597934	1577
ENST00000647459	3146
ENST00000675602	8624
ENST00000637530	3104
ENST00000649021	7112
ENST00000676258	3171
ENST00000675507	6292
ENST00000630231	5573
ENST00000588511	2251
ENST00000674142	1978
ENST00000629054	1947
ENST00000674592	2969
ENST00000675957	5402
ENST00000677383	3192
ENST00000647346	4282
ENST00000674479	8108
ENST00000572976	2916
ENST00000620251	2185
ENST00000635261	4734
ENST00000589900	2057
ENST00000677157	4020
ENST00000675546	12117
ENST00000640227	2610
ENST00000649655	4712
ENST00000640739	8487
ENST00000643865	4145
ENST00000593700	1118
ENST00000610756	1343
ENST00000678407	2784
ENST00000644171	3802
ENST00000646691	3282
ENST00000573523	3878
ENST00000676697	3226
ENST00000637114	1991
ENST00000590890	591
ENST00000644057	1334
ENST00000635911	3509
ENST00000647307	4416
ENST00000607187	4866
ENST00000677495	2128
ENST00000583167	4497
ENST00000675019	8088
ENST00000677884	4620
ENST00000571697	1977
ENST00000676174	3162
ENST00000675034	5499
ENST00000585750	455
ENST00000610509	2917
ENST00000645152	2575
ENST00000638372	4811
ENST00000636587	2040
ENST00000623706	7245
ENST00000673696	2800
ENST00000637291	2662
ENST00000677809	2365
ENST00000624432	524
ENST00000678187	2768
ENST00000568467	572
ENST00000598497	5729
ENST00000568339	2271
ENST00000631924	2298
ENST00000676784	4766
ENST00000677755	2362
ENST00000575320	6491
ENST00000678659	2866
ENST00000612309	3101
ENST00000569100	6488
ENST00000650411	2373
ENST00000674226	3357
ENST00000575951	4504
ENST00000598660	1683
ENST00000677740	4351
ENST00000677646	5951
ENST00000631767	5691
ENST00000581085	5432
ENST00000675763	4659
ENST00000583273	2151
ENST00000675882	5336
ENST00000678695	7445
ENST00000569201	3660
ENST00000588497	829
ENST00000591887	3178
ENST00000640253	1418
ENST00000678522	4796
ENST00000647123	2991
ENST00000675966	7766
ENST00000591074	553
ENST00000677607	7109
ENST00000597716	2198
ENST00000611549	4294
ENST00000676893	1706
ENST00000599791	966
ENST00000593637	1043
ENST00000645878	1857
ENST00000677336	2158
ENST00000645763	4159
ENST00000577307	3353
ENST00000573717	2419
ENST00000601549	1406
ENST00000626736	3822
ENST00000645771	3010
ENST00000633656	5240
ENST00000603821	4279
ENST00000674078	2966
ENST00000650241	4055
ENST00000646242	8466
ENST00000599652	3995
ENST00000583228	2791
ENST00000630486	2581
ENST00000577741	1247
ENST00000640648	5166
ENST00000575695	2566
ENST00000610487	1028
ENST00000599865	701
ENST00000566668	2379
ENST00000671837	2187
ENST00000597467	821
ENST00000618706	6549
ENST00000591984	882
ENST00000613484	949
ENST00000616692	2662
ENST00000571796	1940
ENST00000644888	968
ENST00000580027	1875
ENST00000619149	2828
ENST00000590704	1456
ENST00000573807	823
ENST00000677731	3744
ENST00000569487	2072
ENST00000570883	953
ENST00000672538	687
ENST00000643684	7596
ENST00000579814	709
ENST00000644170	5121
ENST00000636351	1292
ENST00000570276	2951
ENST00000632694	3292
ENST00000676560	6813
ENST00000603475	5503
ENST00000596719	1384
ENST00000629050	1998
ENST00000582530	2117
ENST00000636853	2289
ENST00000577916	2148
ENST00000635910	2257
ENST00000633096	580
ENST00000651382	5681
ENST00000647622	5715
ENST00000677254	4424
ENST00000622209	1013
ENST00000586568	866
ENST00000676492	4559
ENST00000609973	5822
ENST00000630894	3822
ENST00000587992	2491
ENST00000582931	554
ENST00000634058	1177
ENST00000628154	2310
ENST00000642875	2871
ENST00000678603	2663
ENST00000639064	2625
ENST00000634524	3663
ENST00000678457	1670
ENST00000610553	2300
ENST00000568406	726
ENST00000590096	1282
ENST00000590367	3638
ENST00000622684	2852
ENST00000579425	1234
ENST00000637343	3671
ENST00000650634	4138
ENST00000640583	2835
ENST00000678648	2456
ENST00000592142	5968
ENST00000580750	1076
ENST00000676759	3587
ENST00000587342	802
ENST00000577827	4640
ENST00000573536	3190
ENST00000678168	7340
ENST00000587928	4230
ENST00000676961	4588
ENST00000648889	5481
ENST00000573850	3237
ENST00000593745	5032
ENST00000583486	796
ENST00000585606	2071
ENST00000568472	1011
ENST00000578846	4456
ENST00000672071	5318
ENST00000623011	4564
ENST00000613713	2331
ENST00000590985	807
ENST00000675898	4570
ENST00000634145	4429
ENST00000674217	2011
ENST00000622309	3352
ENST00000678454	2501
ENST00000678681	2477
ENST00000626754	1532
ENST00000590745	3117
ENST00000586409	3579
ENST00000677183	1652
ENST00000579241	986
ENST00000587385	1227
ENST00000582528	5342
ENST00000589138	2435
ENST00000676110	4083
ENST00000630160	4255
ENST00000652685	1928
ENST00000620382	1274
ENST00000582270	2195
ENST00000590977	2422
ENST00000645901	5732
ENST00000573966	818
ENST00000628520	3054
ENST00000602252	751
ENST00000674534	4835
ENST00000595585	1301
ENST00000651135	4558
ENST00000677548	7336
ENST00000676190	3802
ENST00000623487	4014
ENST00000600689	3084
ENST00000643565	3159
ENST00000673184	2170
ENST00000578711	1732
ENST00000643099	1724
ENST00000584581	4523
ENST00000677049	4076
ENST00000676363	13334
ENST00000567228	757
ENST00000649692	7459
ENST00000587861	2034
ENST00000591043	1764
ENST00000592940	1184
ENST00000568239	2978
ENST00000631689	1209
ENST00000649147	1989
ENST00000581764	2107
ENST00000632753	689
ENST00000650474	4418
ENST00000677033	2649
ENST00000589152	3365
ENST00000645202	2060
ENST00000677953	2322
ENST00000620868	8835
ENST00000600468	2426
ENST00000585990	4481
ENST00000567825	1409
ENST00000594581	2692
ENST00000644905	5217
ENST00000641437	1911
ENST00000566889	2201
ENST00000578067	2019
ENST00000573483	3898
ENST00000637748	2006
ENST00000678115	3293
ENST00000596953	1043
ENST00000643829	4050
ENST00000650330	4945
ENST00000585105	5632
ENST00000642984	2765
ENST00000631424	2613
ENST00000574210	1243
ENST00000607652	1382
ENST00000632455	3069
ENST00000633637	2978
ENST00000639276	2646
ENST00000593305	2175
ENST00000672984	1534
ENST00000625683	1693
ENST00000676864	2817
ENST00000636809	3733
ENST00000613421	5156
ENST00000640099	3313
ENST00000643030	2906
ENST00000635131	4614
ENST00000645338	4698
ENST00000677218	3669
ENST00000677345	3930
ENST00000622711	1455
ENST00000595897	2973
ENST00000588542	1297
ENST00000587108	1407
ENST00000610799	956
ENST00000583038	4930
ENST00000677350	2592
ENST00000632214	2240
ENST00000636803	1945
ENST00000566638	704
ENST00000633128	4234
ENST00000676960	2281
ENST00000571210	926
ENST00000593586	2323
ENST00000570116	1947
ENST00000590234	784
ENST00000672254	1662
ENST00000587856	4919
ENST00000600755	1459
ENST00000678482	4869
ENST00000617523	2142
ENST00000648918	5961
ENST00000598647	681
ENST00000632046	3550
ENST00000649417	1613
ENST00000648786	2974
ENST00000677039	4343
ENST00000652599	3929
ENST00000596876	983
ENST00000671291	3287
ENST00000615654	3387
ENST00000636250	2685
ENST00000641805	2945
ENST00000575714	2978
ENST00000602321	4494
ENST00000594827	1542
ENST00000677416	3639
ENST00000675566	6314
ENST00000590490	1462
ENST00000644572	3050
ENST00000599181	3288
ENST00000677712	2441
ENST00000587642	3718
ENST00000591666	632
ENST00000667631	2005
ENST00000676860	2262
ENST00000641759	2454
ENST00000616707	2315
ENST00000677448	1783
ENST00000646674	2710
ENST00000567700	2196
ENST00000585722	1147
ENST00000677657	1907
ENST00000632149	1806
ENST00000634741	5547
ENST00000648801	4009
ENST00000570546	5342
ENST00000577920	1061
ENST00000647827	4801
ENST00000645380	5617
ENST00000573615	1616
ENST00000574928	5889
ENST00000646506	4058
ENST00000646194	4319
ENST00000576239	2737
ENST00000591351	4647
ENST00000642576	3405
ENST00000600178	1007
ENST00000675989	3616
ENST00000676499	3454
ENST00000651453	4411
ENST00000677487	7109
ENST00000601340	2197
ENST00000678387	2508
ENST00000678791	2970
ENST00000674879	7030
ENST00000676956	4924
ENST00000676671	2445
ENST00000613568	3386
ENST00000676544	4412
ENST00000605039	2781
ENST00000677298	2738
ENST00000598563	506
ENST00000633399	1898
ENST00000577779	481
ENST00000676290	4078
ENST00000589040	983
ENST00000574992	3445
ENST00000656307	7413
ENST00000585839	3518
ENST00000675102	3498
ENST00000679321	3142
ENST00000678986	5110
ENST00000678894	4720
ENST00000679324	2628
ENST00000679044	1855
ENST00000678890	5535
ENST00000679019	3597
ENST00000679116	7570
ENST00000679280	7436
ENST00000679099	4737
ENST00000679148	4522
ENST00000679252	3848
ENST00000678869	2338
ENST00000678858	4154
ENST00000679056	6355
ENST00000678969	3772
ENST00000679276	4918
ENST00000679316	5814
ENST00000679215	2622
ENST00000679153	4175
ENST00000679227	2705
ENST00000678977	6807
ENST00000678928	3160
ENST00000679077	2165
ENST00000679071	2112
ENST00000678961	2511
ENST00000679346	2082
ENST00000679069	6804
ENST00000679254	2438
ENST00000679090	2398
ENST00000678940	6655
ENST00000679283	7461
ENST00000678841	7061
ENST00000679100	3348
ENST00000679246	3146
ENST00000679062	2214
ENST00000678988	3320
ENST00000678904	10474
ENST00000678983	2940
ENST00000678898	4340
ENST00000679003	4581
ENST00000678965	2678
ENST00000679234	3639
ENST00000678889	1736
ENST00000679231	4880
ENST00000679141	2517
ENST00000678851	3143
ENST00000679053	5064
ENST00000679173	5466
ENST00000678957	2873
ENST00000678850	1940
ENST00000678966	1985
ENST00000679002	2335
ENST00000678945	1903
ENST00000679264	3978
ENST00000679261	6477
ENST00000679267	4678
ENST00000679228	2515
ENST00000679132	4097
ENST00000679277	6813
ENST00000679339	2426
ENST00000678927	2765
ENST00000679285	6132
ENST00000679343	5403
ENST00000679258	3150
ENST00000679171	4001
ENST00000678920	1743
ENST00000679125	1797
ENST00000678980	4373
ENST00000679332	4959
ENST00000678848	7280
ENST00000679046	2776
ENST00000678875	6379
ENST00000679007	2675
ENST00000679294	5011
